READER	GENDER	SUBSET NAME
14	F	train-clean-360	Kristin LeMoine
16	F	train-clean-360	Alys AtteWater
17	M	train-clean-360	Gord Mackenzie
19	F	train-clean-100	Kara Shallenberg
20	F	train-other-500	Gesine
22	F	train-clean-360	Michelle Crandall
23	F	train-clean-360	Anita Roy Dobbs
25	M	train-other-500	John Gonzalez
26	M	train-clean-100	Denny Sayers
27	M	train-clean-100	Sean McKinley
28	F	train-clean-360	Kristin Hughes
29	M	train-other-500	Linton
30	F	train-clean-360	Annie Coleman Rothenberg
31	M	train-other-500	Martin Clifton
32	F	train-clean-100	Betsie Bush
36	M	train-other-500	Chip
37	M	train-other-500	wolvrin
38	M	train-clean-360	R. Francis Smith
39	F	train-clean-100	Sherry Crowther
40	F	train-clean-100	Vicki Barbour
44	F	train-other-500	travelbratd
45	F	train-other-500	Kelly Bescherer
46	M	train-other-500	Aaron Hochwimmer
47	F	train-other-500	Amanda
49	M	train-other-500	vrk74
51	M	train-other-500	rakkar
52	F	train-other-500	Luisa Hall
54	F	train-clean-360	Westwinds12
55	M	train-clean-360	David Jaquay
56	F	train-clean-360	Kirsten Ferreri
57	F	train-other-500	Ophelia Darcy
58	M	train-other-500	George Coutts
60	M	train-clean-100	
61	M	test-clean	Paul-Gabriel Wiener
62	M	train-other-500	Faris
64	F	train-clean-360	Robin Cotter
65	F	train-other-500	chriss the girl
66	M	train-other-500	Alex Foster
70	M	train-clean-360	Kurt Copeland
75	M	train-other-500	Jim Mowatt
77	F	train-other-500	JemmaBlythe
78	M	train-clean-100	Hugh McGuire
79	F	train-clean-360	Jennifer Crispin
81	M	train-clean-360	Aaron Decker
82	F	train-other-500	Marlo Dianne
83	F	train-clean-100	Catharine Eastman
84	F	dev-clean	Christie Nowak
85	M	train-other-500	David Leaman
87	F	train-clean-100	Rosalind Wills
89	F	train-clean-100	Kristen McQuillin
90	M	train-clean-360	Dan Threetrees
91	M	train-other-500	Stephan Mobius
92	F	train-other-500	Cori Samuel
93	F	train-clean-360	Kathy
94	M	train-other-500	David Barnes
98	F	train-clean-360	Patricia Oakley
100	F	train-clean-360	Judy Bieber
101	M	train-clean-360	paulino
102	F	train-other-500	Linda Leu
103	F	train-clean-100	Karen Savage
104	F	train-other-500	Laura M.D.
107	M	train-other-500	John Greenman
110	F	train-other-500	Cynthia Lyons (1946-2011)
111	F	train-other-500	Linda Wilcox
112	F	train-clean-360	Christiane Levesque
114	F	train-clean-360	Jen Kidd
115	F	train-clean-360	Maddie
116	M	dev-other	Steven Collins
118	M	train-clean-100	Alex Buie
119	M	train-clean-360	Alex Patterson
121	F	test-clean	Nikolle Doolin
122	M	train-clean-360	J.C.
123	F	train-other-500	Ezwa
125	F	train-clean-100	Claire Goget
126	F	train-clean-360	Susan Denney
127	M	train-other-500	John Hicken
128	M	train-other-500	ML Cohen
133	M	train-other-500	Mick
147	M	train-other-500	Thomas Hoover
149	M	train-other-500	Joshua Young
150	F	train-clean-100	Fox in the Stars
151	F	train-other-500	Gwen
152	M	train-other-500	Andy Minter
153	M	train-other-500	Graham Williams
154	M	train-clean-360	Robert Foster
157	M	train-clean-360	Ben Douglas
159	M	train-clean-360	hugh mac
161	M	train-other-500	Cyril Law, Jr.
163	M	train-clean-100	Andrew Miller
166	F	train-clean-360	Paula Berinstein
167	M	train-other-500	Peter Yearsley
168	M	train-other-500	Chris Goringe
173	F	train-other-500	vlooi
174	M	dev-clean	Peter Eastman
175	F	train-clean-360	Meredith Hughes
176	M	train-clean-360	Vinny Bove
177	F	train-other-500	Kymm Zuckert
188	F	train-clean-360	Mary Anderson
192	F	train-clean-360	Deborah Clark
196	M	train-clean-100	Stewart Wills
198	F	train-clean-100	Heather Barnett
199	F	train-other-500	Maria Morabe
200	F	train-clean-100	Maureen S. O'Brien
201	M	train-clean-100	Joplin James
202	F	train-other-500	Geetu Melwani
203	F	train-clean-360	Marian Brown
204	M	train-clean-360	Mark F. Smith
205	F	train-clean-360	Esther
207	M	train-clean-360	Kevin McAsh
208	F	train-clean-360	Andrea L
209	F	train-clean-360	Moira Fogarty
210	M	train-clean-360	Aldark
211	F	train-clean-100	shanda_w
215	F	train-other-500	Alice Elizabeth Still
216	M	train-clean-360	Thomas Davoren
217	F	train-clean-360	firefly
218	M	train-other-500	Kelly Clear
224	F	train-clean-360	Caitlin Kelly
225	F	train-clean-360	Brenda Dayne
226	F	train-clean-100	Deb Bacon-Ziegler
227	F	train-clean-360	Sarah Key-DeLyria
228	F	train-other-500	Arctura
229	M	train-clean-100	carnright
231	M	train-clean-360	Sean McGaughey
233	M	train-clean-100	Steve Karafit
237	F	test-clean	rachelellen
238	F	train-other-500	Maria Elmvang
240	M	train-clean-360	Shurtagal
242	F	train-clean-360	Cagirlwithasoutherndrawl
243	F	train-other-500	Jennifer Stearns
245	M	train-other-500	Peter of Buckinghamshire England
246	F	train-clean-360	Beth Dudek
248	F	train-clean-100	Becky Miller
249	M	train-clean-360	pww214
250	F	train-clean-100	Mary Reagan
251	M	dev-clean	Mark Nelson
252	M	train-other-500	Rainer
253	M	train-other-500	Stefan Schmelz
254	M	train-clean-100	Alan Davis Drake (1945-2010)
255	M	train-other-500	Chris Hawk
258	M	train-clean-360	Kurt Wong
260	M	test-clean	Brad Bush
263	M	train-other-500	Michael Sirois
264	M	train-other-500	Chris Hughes
265	M	train-other-500	Janice
272	M	train-clean-360	Mr. Baby Man
273	M	train-other-500	Jim Cadwell
274	F	train-clean-360	Eileen George
277	F	train-other-500	Alessia
278	F	train-clean-360	AliceG
283	M	train-other-500	Asaf Bartov
288	F	train-clean-360	Bookworm
289	F	train-clean-100	Barbara Wedge
294	F	train-other-500	Calliope
296	M	train-clean-360	Carl Manchester
298	F	train-clean-100	Caroline Morse
302	F	train-clean-100	Chris Peterson
303	M	train-clean-360	Tony Hightower
307	M	train-clean-100	Randy Phillips
310	F	train-other-500	Dexnell Peters
311	M	train-clean-100	deadwhitemales
313	F	train-other-500	Dilini Jayasinghe
317	M	train-other-500	Mike Gardom
318	F	train-clean-360	Eileen aka e
319	M	train-other-500	Ed Good
322	F	train-clean-100	Elisabeth Shields
323	F	train-clean-360	Erica Kuntz
328	F	train-clean-100	Elizabeth Palmer
329	M	train-clean-360	Todd Cranston-Cuebas
331	M	train-other-500	Richard Grove
332	M	train-clean-100	Aaron Teiser
335	M	train-clean-360	Paul Harvey
336	M	train-other-500	Harvey Chinn
337	F	train-clean-360	Barbara Harvey
339	F	train-clean-360	Heather Ordover
340	M	train-clean-360	Scott Henkel
345	M	train-clean-360	Micah Sheppard
348	M	train-other-500	ianish
353	M	train-clean-360	Jamey Osborne
359	M	train-clean-360	John Nicholson
362	F	train-clean-360	Judith Brown
365	M	train-other-500	Jon Ingram
366	F	train-other-500	Katy Preston
367	F	test-other	Kathleen Dang
369	M	train-clean-360	Kevin Readdean
373	F	train-clean-360	Kim Braun
374	M	train-clean-100	kumarei
377	M	train-other-500	Lenny Glionna Jr.
380	F	train-clean-360	Laurie Campbell
392	F	train-other-500	Maria Celano
398	M	train-clean-360	James Smith
402	F	train-other-500	Sharmini Kumar
403	F	train-clean-100	Nocturna
404	F	train-other-500	Nomenphile
405	M	train-clean-100	Eric Dennison
408	F	train-clean-360	Claudine Chen
409	M	train-clean-360	Mike Kauffmann
412	M	train-clean-100	Brian Roberg
413	M	train-other-500	Daniel Watkins
421	M	train-other-500	Patrick
422	M	dev-clean	President Lethe
426	F	train-clean-100	Norah Piehl
428	M	train-other-500	Rayburn Beale
432	M	train-other-500	Steve Andersen
434	F	train-clean-360	Joyce Nussbaum
439	M	train-clean-360	Robert Garrison
441	F	train-clean-100	Sandra in Wales, United Kingdom
444	F	train-other-500	Sage Tyrtle
445	M	train-clean-100	Dave Foss
446	M	train-clean-100	Steve Hartzog
448	F	train-other-500	scrappylibrarian
451	F	train-clean-360	Sonserae Leese-Calver
453	M	train-other-500	Glen Hallstrom
454	M	train-clean-360	Tom Yates
458	M	train-clean-100	Scott Splavec
459	M	train-clean-360	Mark Bradford
460	M	train-clean-100	Dave Ranson
464	M	train-clean-360	Mike Wilson
466	F	train-other-500	Joy Chan
470	M	train-other-500	Chris Chapman
472	F	train-clean-360	Tina Tilney
474	M	train-other-500	Zachary Brewster-Geisz
475	M	train-clean-360	Jason X.
476	M	train-clean-360	Chuck Spann
479	F	train-clean-360	wedschild
480	M	train-clean-360	Chris Vee
481	M	train-clean-100	Neal Foley
483	F	train-other-500	junk science
487	M	train-clean-360	Clayton J. Smith
489	F	train-other-500	Tora
492	M	train-clean-360	TBOL3
497	M	train-clean-360	audiotoshokan
500	M	train-clean-360	galaxiant
501	M	train-clean-360	mikenkat
505	M	train-other-500	Menno
510	M	train-clean-360	Kirk Thomas
511	M	train-clean-360	Matthew Shepherd
512	M	train-clean-360	Anthony Craine
517	M	train-other-500	Matthew Walton
525	F	train-clean-360	Victoria Long
533	F	test-other	Ana Simao
534	F	train-clean-360	Jean O'Sullivan
542	M	train-other-500	J. Hall
543	M	train-clean-360	Ted Delorme
544	M	train-other-500	bozgeez
548	M	train-clean-360	Chris Mitchell
549	F	train-clean-360	SarahHadley
551	M	train-other-500	Guntar
557	M	train-other-500	fieldsofgold
559	M	train-clean-360	Bill Stackpole
561	M	train-clean-360	Quentin
567	M	train-other-500	Aaron Benedict
568	M	train-other-500	JD Weber
569	M	train-other-500	Frank
572	M	train-other-500	Rebecca Dittman
576	F	train-clean-360	Caroline Mercier
580	M	train-clean-360	Ryan
581	M	train-clean-360	C. Berrius
583	M	train-clean-360	Russ Maxwell
584	F	train-other-500	miette
585	F	train-other-500	pheo
587	F	train-clean-100	Joy Scaglione
589	F	train-clean-360	Stephanie Konig
593	M	train-clean-360	Eric S. Piotrowski
594	M	train-clean-360	KentF
596	F	train-clean-360	Carol Goode
597	F	train-clean-360	Lisa Chau
598	F	train-clean-360	Kim
606	M	train-clean-360	Julian Jamison
608	F	train-other-500	Baranduin
612	F	train-clean-360	Cindy Steib
613	M	train-other-500	D.E. Wittkower
614	F	train-other-500	Christine Blachford
622	M	train-other-500	Andrew Lebrun
625	M	train-clean-100	toriasuncle
636	F	train-clean-360	Zale Schafer (Rose May Chamberlin Memorial Foundat
637	M	train-clean-360	Michael Scherer
639	M	train-clean-360	Robert Beach
644	M	train-other-500	Daniele
652	M	dev-clean	Scott Walter
663	M	train-clean-360	Bruce Stafford
664	F	train-clean-360	Wendy G.
666	F	train-clean-360	Monique
667	F	train-clean-360	Bethany Simpson
669	F	train-clean-100	Anne
671	M	train-clean-360	koijmonop
672	M	test-clean	Taylor Burton-Edward
679	M	train-other-500	rhodian
681	F	train-other-500	Lucy Burgoyne
684	F	train-other-500	Lizzie Driver
688	F	train-clean-360	J. M. Smallheer
690	F	train-other-500	Silver
696	F	train-clean-100	Tamara R. Schwartz
698	F	train-clean-360	Randi Warwick
699	F	train-clean-360	Diana Kiesners
700	F	dev-other	Susan Hooks
705	F	train-other-500	eva
707	M	train-clean-360	Jason Mayoff
708	M	train-clean-360	Kevin Devine
711	M	train-clean-360	Roy Schreiber
712	M	train-other-500	Michael Shook
713	F	train-other-500	Onjana Yawnghwe
716	M	train-clean-360	martyd
718	M	train-clean-360	clarknova
720	M	train-other-500	Peter Gallagher
724	M	train-clean-360	Michael Crowl
726	M	train-other-500	Paul
727	M	train-other-500	Andrew Richards
728	M	train-other-500	Eric Connover
730	F	train-clean-100	Karen Labenz
731	F	train-clean-360	Megan-Jane Daniels Suyasu
737	M	train-other-500	Roger W. Barnett
742	M	train-other-500	Peter Groom
753	M	train-other-500	Tim Bulkeley
764	M	train-clean-360	Carl Vonnoh, III
766	M	train-other-500	Jean Crevier
770	M	train-clean-360	Justin S Barrett
774	F	train-other-500	Sara Walsh
777	M	dev-clean	fling93
778	M	train-other-500	Branko Collin
779	M	train-other-500	Greg
780	M	train-other-500	Lloyd Davis
781	M	train-clean-360	Mitchell Dwyer
782	F	train-other-500	Michele Pacey
783	F	train-clean-360	Gina
789	F	train-other-500	Eva
791	M	train-other-500	Ivan
792	F	train-other-500	mjd-s
797	M	train-other-500	Mike Shapiro
803	M	train-clean-360	Greg Elmensdorp
806	M	train-clean-360	Aaron Andradne
807	M	train-other-500	Luke Venediger
810	M	train-other-500	Joseph Loverti
811	F	train-other-500	Elizabeth
815	M	train-clean-360	mawrtea
816	M	train-clean-360	Jeff Robinson
820	M	train-clean-360	Scoot
826	M	train-other-500	Thomas Wells
829	F	train-clean-360	frenchfry
830	F	train-clean-360	sebrazer
831	M	train-clean-100	Nick Gallant
834	F	train-clean-360	nausicaa
835	M	train-clean-360	echo
836	M	train-clean-360	Kevin LaVergne
839	M	train-clean-100	rovert405
844	F	train-other-500	Martina
845	M	train-other-500	DaveF
846	M	train-other-500	Anadaxis_Canejia
850	M	train-clean-360	tonypettit
851	M	train-other-500	brenthumphries
868	M	train-clean-360	Mike Rosenlof
876	F	train-other-500	Alisha
882	F	train-clean-360	Mur Lafferty
884	M	train-other-500	sayeth
886	M	train-other-500	Paul S. Jenkins
887	F	train-clean-100	Lana Taylor
895	M	train-other-500	Max Porter Zasada
899	M	train-clean-360	thomahal
908	M	test-clean	Sam Stinson
909	M	train-clean-100	Greg Bryant
911	M	train-clean-100	frankjf
915	M	train-other-500	Ted Kaouk
920	F	train-clean-360	Sarah Bean
921	M	train-other-500	Brian J. Callaghan
922	M	train-clean-360	Steven H. Wilson
923	F	train-other-500	Layna
925	F	train-clean-360	pattymarie
927	M	train-other-500	Nerijus
937	F	train-other-500	Susie G.
948	F	train-clean-360	Chere Theriot
949	M	train-clean-360	ontheroad
951	F	train-other-500	thomasina
953	M	train-clean-360	Jim Mullins
954	M	train-clean-360	Brooks Seveer
956	F	train-other-500	krithiga
957	M	train-clean-360	iscatel
960	F	train-other-500	Marloes Schoonheim
964	M	train-other-500	Paul Sze
968	F	train-clean-360	Pat Elder
969	M	train-other-500	Czechchris
976	F	train-other-500	Alison Raouf
978	M	train-other-500	Rick Box
979	F	train-clean-360	Kelli Robinson
982	M	train-other-500	Mike Roop
984	M	train-clean-360	J A Carter
985	M	train-other-500	George Pilling
986	M	train-clean-360	Michael Kirkpatrick
1001	M	train-clean-360	Eric
1006	F	train-other-500	Marta Kornowska
1012	F	train-clean-360	Lizzie Oldfather
1018	M	train-clean-360	JimmyLogan
1025	M	train-clean-360	rdmagpie
1027	M	train-clean-360	Brooks Jensen
1028	M	train-clean-360	Tim Lundeen
1031	F	train-clean-360	swroot
1034	M	train-clean-100	Kevin O'Coin
1040	M	train-clean-100	John Garvin
1046	M	train-clean-360	durnburr
1049	M	train-other-500	Sam Fold
1050	F	train-clean-360	entada
1051	F	train-other-500	E. Moulton
1052	F	train-clean-360	Kathy Jacobs
1053	F	train-clean-360	katyleah
1054	F	train-clean-360	Igor Teaforay
1058	M	train-clean-360	James Tiley
1060	F	train-clean-360	Val Grimm
1061	F	train-clean-360	Missie
1065	M	train-other-500	Justin Brett
1066	F	train-clean-360	Laurie Anne Walden
1069	F	train-clean-100	Dawn
1079	F	train-clean-360	Mary aka Breadchick
1081	M	train-clean-100	Fracture
1084	F	train-other-500	Nichole Karl
1085	M	train-other-500	hefyd
1088	F	train-clean-100	Christabel
1089	M	test-clean	Peter Bobbe
1092	F	train-other-500	Maria
1093	F	train-clean-360	Kiki Baessell
1094	M	train-other-500	tubeyes
1096	M	train-other-500	Geoff Dugwyler
1097	M	train-other-500	Euthymius
1098	F	train-clean-100	Merryb
1100	F	train-clean-360	Danielle Flores
1107	M	train-other-500	Jason Oakley
1110	M	train-other-500	Graeme Jolliffe
1112	M	train-clean-360	RedToby
1116	F	train-clean-100	Megan Stemm-Wade
1121	M	train-clean-360	John Lieder
1124	F	train-other-500	Ancilla
1132	M	train-other-500	Giles Baker
1152	F	train-other-500	Millbeach
1154	F	train-other-500	Larysa Jaworski
1160	M	train-clean-360	Gary Gilberd
1161	M	train-other-500	Dominic Moore
1165	M	train-clean-360	Bob Graff
1166	F	train-other-500	Debra Lynn
1168	F	train-other-500	Ree
1171	F	train-other-500	Julia Claussen
1175	M	train-clean-360	Brother Patrick
1179	M	train-other-500	Alan Chant
1182	M	train-clean-360	Brett Condron
1183	F	train-clean-100	roolynninms
1184	M	train-other-500	Jeremy Pavier
1187	M	train-other-500	Paul Hansen
1188	M	test-clean	Duncan Murrell
1195	F	train-clean-360	Jennette Selig
1200	M	train-other-500	hosmer_angel
1212	F	train-clean-360	Lee Ann Howlett
1221	F	test-clean	Dianne
1222	M	train-clean-360	Joseph Ugoretz
1224	F	train-clean-360	Heather Duncan
1225	M	train-other-500	Chris Langston
1226	M	train-clean-360	Russ Lemker
1230	M	train-other-500	Ian Skillen
1235	M	train-clean-100	Tim Gregory
1239	M	train-other-500	Scott Robbins
1241	F	train-clean-360	Catherine Fitz
1246	F	train-clean-100	Sandra
1250	F	train-other-500	Christina Boyles
1252	F	train-other-500	Avery
1255	M	dev-other	Simon Evers
1258	M	train-other-500	Mellors
1259	F	train-clean-360	Elizabeth Klett
1260	M	train-other-500	Chris Hughes
1261	M	train-other-500	Mans Broo
1263	F	train-clean-100	Leonie Rose
1264	M	train-clean-360	Matthew Hinman
1265	M	train-clean-360	Edward Elmer
1266	F	train-other-500	Jenilee
1271	M	train-clean-360	Christian Pecaut
1272	M	dev-clean	John Rose
1274	M	train-other-500	Larry Gilman
1280	M	train-other-500	Tim Makarios
1283	M	train-clean-360	Paul Siegel
1284	F	test-clean	Daniel Anaya
1289	F	train-clean-360	Joanne Pauwels
1290	F	train-clean-360	librarianite
1291	F	train-other-500	Patti Brugman
1296	F	train-clean-360	Gigi Minden
1298	F	train-other-500	Wina Hathaway
1311	M	train-clean-360	Scott D. Farquhar
1313	M	train-clean-360	Scott Sherris
1316	M	train-clean-360	Estragon
1320	M	test-clean	number6
1322	M	train-clean-360	chris tierney
1323	M	train-clean-360	Leon Mire
1331	M	train-other-500	Adrian Praetzellis
1334	M	train-clean-100	John Schell
1335	F	train-clean-360	Clarica
1336	M	train-clean-360	Charlie Blakemore
1337	M	train-clean-360	Steven Rushing
1341	M	train-other-500	Coastalbloke
1342	F	train-other-500	SueAnn Dozier
1343	F	train-clean-360	Laura Koskinen
1347	M	train-other-500	Ted Nugent
1348	F	train-clean-360	Janet Friday
1349	M	train-clean-360	John Pruden
1353	M	train-other-500	Clarke Bell
1355	M	train-clean-100	Chris Gladis
1363	F	train-clean-100	Tammy Sanders
1365	M	train-clean-360	Joel Poortenga
1367	M	train-other-500	Joe Brenneman
1370	F	train-other-500	Lee Elliott
1373	F	train-other-500	Kira Belkin
1374	M	train-other-500	Graham Thomsen
1379	M	train-clean-360	Ken Crooker
1382	F	train-clean-360	Heather Lawrence
1383	M	train-clean-360	David Best
1384	M	train-other-500	Stephen Lamb
1387	M	train-clean-360	Scott Mather
1390	F	train-clean-360	C.L.Coney
1392	M	train-clean-360	Chris Masterson
1401	F	train-clean-360	Sibella Denton
1403	M	train-other-500	tipaew
1413	M	train-clean-360	ryanaw
1414	F	train-other-500	guava
1417	F	train-clean-360	Psuke Bariah
1421	F	train-other-500	Madame Tusk
1422	F	train-clean-360	Yazpistachio
1425	F	train-clean-360	Jeanette Ferguson
1430	M	train-other-500	Alok Karulkar
1444	M	train-other-500	Ryan Mease
1445	M	train-clean-360	Michael Yard
1446	M	train-clean-360	Michael Loftus
1447	F	train-clean-100	Luigina
1448	F	train-clean-360	marevalo
1455	M	train-clean-100	webslog
1456	M	train-clean-360	Jason Isbell
1460	F	train-clean-360	E. Plein
1462	F	dev-clean	E. Tavano
1463	F	train-clean-360	Vivian Bush
1469	M	train-other-500	Fr. Richard Zeile of Detroit
1472	F	train-clean-360	Sarah Jennings
1473	M	train-clean-360	Dan Polanco
1474	F	train-other-500	Jc Guan
1482	M	train-clean-360	Joshua B. Christensen
1485	M	train-other-500	Robert Flach
1487	M	train-clean-360	radioreader
1492	M	train-other-500	mb
1494	M	train-other-500	George Deprez, PhD
1495	M	train-other-500	Glendower Jones
1498	F	train-clean-360	Lori Hebel
1502	F	train-clean-100	Ann Boyer
1505	M	train-other-500	Mark Norman
1509	F	train-clean-360	Miranda Stinson
1513	M	train-clean-360	Simon-Peter Zak
1535	M	train-clean-360	Robert Scott
1536	M	train-clean-360	Marco
1544	F	train-other-500	LilianaVale
1545	F	train-other-500	AmyAG
1547	F	train-clean-360	Riddleman
1552	M	train-clean-360	Roger Turnau
1553	F	train-clean-100	Mim Ritty
1556	M	train-clean-360	geofred
1559	M	train-other-500	Luke Harrison
1563	F	train-other-500	Chandra Gioiello
1564	F	train-other-500	Hedvig
1566	F	train-other-500	Anna Christensen
1569	F	train-other-500	Kristine Mackin
1571	M	train-clean-360	Bob Tassinari
1572	M	train-other-500	Alan Clare
1578	F	train-clean-100	Lorelle Anderson
1579	F	train-other-500	Philippa Willitts
1580	F	test-clean	TinyPines
1585	F	dev-other	Nelly ()
1593	F	train-other-500	Kristine Bekere
1594	M	train-clean-100	Jon Scott Jones
1595	M	train-other-500	Riccardo Fasol
1601	M	train-other-500	Michael Yourshaw
1603	M	train-clean-360	Arouet
1607	M	train-clean-360	Claude Banta
1614	M	train-other-500	FNH
1618	M	train-other-500	Nicholas James Bridgewater
1621	M	train-other-500	Caliban
1624	M	train-clean-100	Daniel Shorten
1629	F	train-clean-360	Gwyneth
1630	F	dev-other	spiritualbeing
1633	F	train-other-500	Beecher
1634	M	train-clean-360	daxm
1636	F	train-other-500	Sandra Zera
1638	M	train-clean-360	Kyle M.
1639	M	train-clean-360	Joe Konno
1641	F	train-clean-360	Rohanna
1643	M	train-other-500	Chris Leslie-Hynan
1645	M	train-clean-360	David Shamp
1646	M	train-other-500	Ben Cobbett
1647	M	train-other-500	Rich Meyers
1648	F	train-other-500	Accent
1649	F	train-clean-360	Kalynda
1650	M	dev-other	WangHaojie
1651	M	dev-other	Brendan Hodge
1653	F	train-other-500	Carmina Sansone
1664	F	train-other-500	Shauna M
1665	F	train-other-500	Jessica AC Snyder
1668	F	train-clean-360	stepheather
1673	F	dev-clean	Tonia
1674	F	train-other-500	Jo
1678	F	train-clean-360	leonardswench
1679	F	train-other-500	Polly
1680	F	train-other-500	intothelight
1681	F	train-other-500	islajane
1685	M	train-other-500	Jonathan Horniblow
1686	F	dev-other	neelma
1688	M	test-other	winam
1690	F	train-other-500	Anne-Marie
1691	F	train-other-500	Classicsfan
1693	F	train-other-500	4Cullen
1695	F	train-other-500	Steph
1696	F	train-other-500	Darcywil
1699	M	train-other-500	Gavin Smith
1701	M	dev-other	camelot2302
1704	F	train-other-500	JB
1705	F	train-clean-360	tittletattle
1708	M	train-other-500	Alaaious
1710	F	train-other-500	Gilly
1714	F	train-other-500	lauralee
1715	F	train-other-500	Marianna
1717	F	train-other-500	PJ
1721	F	train-other-500	Linnea
1723	M	train-clean-100	Rob Whelan
1724	F	train-clean-360	Anna Simon
1726	F	train-other-500	janeite
1731	F	train-clean-360	Dani
1733	F	train-other-500	Mira Cheskis
1734	F	train-clean-360	LuvDemBrooders
1736	F	train-other-500	LC
1737	F	train-clean-100	Erin Hastings
1740	F	train-clean-360	Shubda
1743	M	train-clean-100	Bryan Ness
1746	M	train-other-500	Theo Bacher
1748	M	train-clean-360	Brad Powers
1750	F	train-other-500	Lorie Heinrichs
1752	F	train-clean-360	Jan MacGillivray
1754	F	train-clean-360	Joan Freeman
1756	F	train-other-500	Tamara Hamilton
1757	F	train-other-500	cricket
1760	F	train-other-500	Matthew Howell
1765	F	train-other-500	Kelly Elizabeth
1767	F	train-other-500	Cori Dean
1769	M	train-clean-360	ej
1772	M	train-other-500	David A. Stokely
1773	F	train-other-500	Eliza Horne
1776	M	train-clean-360	Jim Eastman
1777	M	train-clean-360	Professor Chronotis
1779	F	train-clean-360	Cynthia Zocca
1780	M	train-other-500	Micah
1784	F	train-other-500	grovejade
1789	M	train-clean-360	Vin Reilly
1795	M	train-other-500	Muhammad Mussnoon
1800	F	train-clean-360	Scarlett!
1801	M	train-clean-360	Antonio
1804	F	train-other-500	Marie Manis
1806	M	train-clean-360	Gary W. Sherwin
1809	F	train-other-500	cucciasv
1811	M	train-clean-360	Eric Ray
1813	F	train-other-500	tesoro007
1815	M	train-other-500	Aringguth
1819	F	train-other-500	Shannon
1825	F	train-clean-360	srshel
1826	M	train-clean-360	Jacob Miller
1827	M	train-clean-360	Doug Wetzel
1828	M	train-other-500	James Gladwin
1841	F	train-clean-100	Laura Caldwell
1844	M	train-other-500	noonday
1845	F	train-clean-360	Katie Gibboney
1846	M	train-other-500	valikojohn
1849	M	train-clean-360	Kelly Dougherty
1851	F	train-clean-360	Kehinde
1859	F	train-clean-360	Jan Baxter
1863	F	train-other-500	Ania
1867	M	train-clean-100	Rowdy Delaney
1868	M	train-other-500	Graham Redman
1870	M	train-other-500	Stuart Bell
1874	M	train-clean-360	Ernst Schnell
1878	M	train-other-500	BLRossow
1885	F	train-clean-360	inkwelldragon
1898	F	train-clean-100	Jennifer
1901	F	train-other-500	Allyson Hester
1903	M	train-clean-360	Michael Thomas Robinson
1913	M	train-clean-360	Geoff Cowgill
1914	M	train-clean-360	Kevin Kivikko
1919	F	dev-clean	nprigoda
1920	F	train-other-500	Annika Feilbach
1923	F	train-clean-360	Maire Rhode
1924	M	train-other-500	Andrew Drinkwater
1926	F	train-clean-100	Nikki Sullivan
1931	F	train-other-500	poormedea
1933	F	train-clean-360	iremonger
1938	M	train-other-500	icyjumbo (1964-2010)
1943	M	train-clean-360	Corun
1944	F	train-clean-360	Carolyn Frances
1958	M	train-clean-360	Furio
1961	F	train-clean-360	Qhali
1963	F	train-clean-100	Belinda Brown
1968	F	train-other-500	lizzyblack
1970	F	train-clean-100	Dawn Larsen
1974	F	train-clean-360	Katie Baynes
1977	F	train-other-500	Jennie Hughes
1985	M	train-other-500	Jonny Lee
1987	M	train-clean-360	Michael Macedonia
1988	F	dev-clean	Ransom
1989	M	train-other-500	Sergio Baldelli
1992	F	train-clean-100	Michelle White
1993	F	dev-clean	Wendy Belcher
1995	F	test-clean	AJai Hilton
1998	F	test-other	Sonja
2001	M	train-other-500	Phillip David
2002	M	train-clean-100	Larry Maddocks
2003	M	train-other-500	The Penang Lawyer
2004	F	train-clean-360	Kim S
2007	F	train-clean-100	Sheila Morton
2010	F	train-clean-360	Julie Bynum
2012	M	train-clean-360	jburby
2013	M	train-other-500	Mark
2021	M	train-other-500	Keri Ford
2026	F	train-other-500	Mil Nicholson
2033	M	test-other	Filippo Gioachin
2035	F	dev-clean	Sharon Bautista
2039	M	train-clean-360	Anton
2042	F	train-other-500	Charlene V. Smith
2045	M	train-clean-360	David O'Connell
2046	M	train-other-500	kyleti
2050	F	train-other-500	Xe Sands
2051	M	train-other-500	Grant Petersen
2053	F	train-clean-360	Vincent Tapia
2056	F	train-clean-360	Nancy Roberts
2060	F	train-clean-360	Julie Pandya
2061	F	train-clean-360	Jodi Krangle
2062	F	train-other-500	Mindy H
2063	M	train-other-500	hearhis
2067	M	train-other-500	Nick Gisburne
2068	F	train-other-500	Priya, India
2074	M	train-clean-360	Tysto
2078	M	dev-clean	Kathy Caver
2085	F	train-clean-360	Stephanie Dupal-Demartin
2086	M	dev-clean	Nicodemus
2089	F	train-other-500	Martina
2090	F	train-other-500	Melissa
2092	F	train-clean-100	Elaine Hamby
2093	M	train-clean-360	RK Wilcox
2094	F	test-clean	amycsj
2096	M	train-other-500	Nick Marsh
2100	F	train-other-500	Katherine Holt
2104	M	train-other-500	R. S. Steinberg
2110	M	train-clean-360	Aaron Elliott
2113	M	train-clean-360	Andrew Vidal
2122	M	train-other-500	Kenneth R. Morefield
2127	M	train-clean-360	wrongshore
2133	M	train-other-500	Mat Messerschmidt
2136	M	train-clean-100	Great Plains
2137	M	train-clean-360	Jerome Lawsen
2140	M	train-other-500	Ralph Snelson
2143	F	train-other-500	Cat Schirf
2146	M	train-clean-360	Jeff Stuckey
2148	F	train-other-500	BethAnne
2149	M	train-clean-360	Mark Penfold
2152	F	train-other-500	redabrus
2156	M	train-clean-360	Roger Melin
2159	M	train-clean-100	Matthew Westra
2162	M	train-clean-360	Ray Clare
2167	M	train-clean-360	spiderman0521
2182	F	train-clean-100	Susan Umpleby
2185	M	train-other-500	Jonathan Feldman
2194	F	train-clean-360	RobbieRogers
2195	M	train-other-500	Joe Earley
2196	F	train-clean-100	Andrea Fiore
2198	M	train-other-500	Clive Catterall
2201	M	train-clean-360	Stephen Escalera
2204	F	train-clean-360	Pamnache
2208	M	train-other-500	Alan Brown
2229	M	train-clean-360	Pete Williams, Pittsburgh, PA
2230	F	train-clean-360	Isosceles
2234	M	train-other-500	Lars Rolander
2237	F	train-other-500	Chloey Winters
2238	M	train-clean-360	Will Larson
2240	M	train-clean-360	Ralph Volpi
2246	M	train-other-500	RaySee
2254	F	train-clean-360	Heidi Preuss
2256	F	train-clean-360	tamurile
2262	M	train-other-500	Andy
2269	F	train-clean-360	Rhonda Federman
2270	F	train-other-500	Megan Kunkel
2272	M	train-clean-360	Alec Daitsman
2273	M	train-other-500	Peter Kelleher
2275	F	train-other-500	Lori H
2276	F	train-other-500	Andrea
2277	F	dev-clean	zinniz
2279	M	train-other-500	Gilles Lehoux
2284	M	train-other-500	Zapo
2285	M	train-clean-360	Bob Sage
2288	F	train-other-500	Ellis Christoff
2289	M	train-clean-100	David Kleparek
2292	M	train-other-500	Dick Durette
2294	M	train-clean-360	James Christopher
2297	F	train-other-500	Philippa
2299	M	train-clean-360	cpalmer17
2300	M	test-clean	Mitchell L Leopard
2301	F	train-other-500	Chris Jones
2309	M	train-other-500	Wyatt
2312	F	train-other-500	Lucy Lo Faro
2319	M	train-clean-360	Jack Farrell
2334	M	train-clean-360	David Lipa
2339	F	train-other-500	skellie
2341	M	train-other-500	webround
2346	F	train-other-500	FirstKnight
2348	F	train-clean-360	KellyLC
2351	F	train-other-500	hugoceline
2356	M	train-other-500	Paul Curran
2361	F	train-other-500	M. J. Boyle
2364	F	train-clean-360	Anna-Maria Viola
2368	M	train-clean-360	Alex C. Telander
2374	F	train-other-500	M.C.Y.
2380	M	train-other-500	Jacob Cherry
2384	M	train-clean-100	Ger
2388	M	train-clean-360	Greg Bell
2391	F	train-clean-100	treefingers
2393	M	train-clean-360	Michael Bradford
2397	M	train-clean-360	texttalker
2401	F	train-clean-360	Matt Warzel
2404	M	train-clean-360	n8evv
2405	M	train-other-500	musil
2407	M	train-other-500	ajmacbeth
2411	F	train-clean-360	kristiface
2412	F	dev-clean	calystra
2414	M	test-other	Ashwin Jain
2416	F	train-clean-100	Julia Albath
2427	M	train-clean-360	Ed Meade
2428	M	dev-clean	Stephen Kinford
2436	M	train-clean-100	Seth Adam Sher
2437	M	train-other-500	Wetcoast
2445	F	train-other-500	musici123
2448	M	train-other-500	David Federman
2473	M	train-clean-360	Hoosemon
2481	F	train-clean-360	Alana Jordan
2485	F	train-other-500	Serin
2487	F	train-other-500	Rachel Lintern
2488	F	train-other-500	Lisa Wilson
2491	M	train-other-500	johnb
2494	M	train-clean-360	Mark Cawley
2496	M	train-other-500	Ben Dutton
2498	F	train-clean-360	B. Grebe
2499	M	train-clean-360	Paul Henry Tremblay
2504	F	train-other-500	Helen Elsbeth
2506	F	dev-other	Julie VW
2512	F	train-clean-360	Marion
2514	M	train-clean-100	S. Young
2517	M	train-clean-360	Gayland Darnell
2518	M	train-clean-100	Rob Powell
2522	F	train-other-500	senshisteph
2526	M	train-other-500	Bob Gilham
2531	M	train-clean-360	Greg Weeks
2532	F	train-clean-360	Jennifer Lott
2533	M	train-clean-360	Steven Proctor
2541	M	train-other-500	Eddie Winter
2544	F	train-other-500	Annise
2545	M	train-other-500	the quiet fox
2552	M	train-other-500	Daniel Cranston
2553	F	train-other-500	daisy55
2562	M	train-clean-360	Scott Merrill
2568	F	train-other-500	Elena the Quiet
2570	F	train-clean-360	kindlibrarian
2573	F	train-clean-360	Becca B
2574	M	train-other-500	TimSC
2577	F	train-clean-360	K Hindall
2581	F	train-clean-360	Julie Levi
2582	F	train-clean-360	dolce
2587	F	train-other-500	Anne Cheng
2588	M	train-other-500	Padraig O'hIceadha
2589	M	train-clean-360	Jordan
2592	F	train-clean-360	Anna Roberts
2598	F	train-clean-360	Barbara Bulkeley
2606	M	train-other-500	Marc Tanti
2607	F	train-other-500	Ruth Golding
2609	M	test-other	Ian Hatley
2618	M	train-clean-360	Phil Surette
2624	M	train-other-500	David Nicol
2625	F	train-other-500	Auntie Em
2628	M	train-clean-360	Zloot
2638	F	train-clean-360	Dawn
2652	F	train-clean-360	MixieArmadillo
2654	M	train-clean-360	Notelrac
2660	M	train-other-500	mpetranech
2671	F	train-other-500	Foreign Girl
2673	M	train-clean-360	jude kaider
2674	M	train-clean-360	Jason Procopio
2676	F	train-other-500	missizii
2688	M	train-clean-360	Christopher Jennings
2691	F	train-clean-100	Donna Stewart
2694	F	train-other-500	DianaJMB
2696	M	train-clean-360	anonymous
2709	F	train-clean-360	PopularOutcast
2712	F	train-other-500	anoldfashiongirl
2724	M	train-other-500	Michael Dalling
2730	F	train-other-500	Shirley Anderson
2733	M	train-other-500	CalmDragon
2735	F	train-other-500	ASchindler
2740	M	train-other-500	Tony Ashworth
2741	F	train-clean-360	Jan Dawn Doronila
2748	F	train-other-500	Annoying Twit
2751	F	train-clean-360	Angela Kelley
2754	F	train-other-500	peaceuntoyou
2758	F	train-clean-360	SopranoHarmony
2762	F	train-other-500	Phillipa Chantry
2764	F	train-clean-100	Piper Hale
2769	M	train-clean-360	Anthony Wilson
2774	M	train-clean-360	William Kevin Manire
2775	F	train-clean-360	ink tree
2785	F	train-clean-360	humeangel
2787	M	train-clean-360	Quentin Manuel
2790	F	train-clean-360	Victoria Slonosky
2792	F	train-other-500	Varra Unreal
2803	M	dev-clean	aquielisunari
2812	M	train-clean-360	Greg Hartley
2815	M	train-clean-360	Michael Sample
2816	M	train-clean-360	Andrew Symons
2817	F	train-clean-100	Catherine Millward
2823	M	train-clean-360	ChrisC
2825	M	train-other-500	Ernst Pattynama
2827	M	train-clean-360	David Leeson
2830	M	test-clean	Tim Perkins
2834	F	train-other-500	Ksushi
2836	F	train-clean-100	Linda McDaniel
2843	M	train-clean-100	ricell
2853	F	train-clean-360	Jane Greensmith
2854	M	train-other-500	Andrew Coleman
2882	F	train-clean-360	ayngelwing
2893	M	train-clean-100	Ryan Sutter
2895	F	train-other-500	Jenny Lundak
2902	M	dev-clean	dexter
2909	F	train-other-500	Petra
2910	F	train-clean-100	Janna
2911	M	train-clean-100	David Lawrence
2919	F	train-other-500	Raerity
2920	F	train-clean-360	Rechelle
2925	F	train-other-500	Darla
2929	M	train-clean-360	Topaz
2930	M	train-other-500	BUAES
2943	F	train-other-500	Sarah Gutierrez
2946	M	train-other-500	Markus Wachenheim
2952	M	train-clean-100	Scott Carpenter
2960	M	train-clean-360	Scotty
2961	F	test-clean	Leni
2967	F	train-other-500	Landii
2971	M	train-clean-360	Matthew C. Heckel
2975	F	train-other-500	Sarafina Suransky
2979	F	train-other-500	Jilliane Brandt
2985	M	train-other-500	Cantor
2988	F	train-other-500	Larissa Little
2989	F	train-clean-100	Jamie Strassenburg, Cypress, California
2990	M	train-other-500	Tom Crawford
2992	M	train-clean-360	davechase
2997	F	train-other-500	Violet
2998	M	train-other-500	Kim Jansen
2999	M	train-clean-360	Joseph Finkberg
3000	M	dev-clean	Brian von Dedenroth
3001	F	train-clean-360	priscilla hewitt
3003	F	train-clean-360	Sue Anderson
3005	M	test-other	Ken Tischler
3006	F	train-other-500	MorganScorpion
3008	F	train-clean-360	Gloria Zbilicki
3009	M	train-clean-360	Jim Ruddy
3020	M	train-other-500	Mike Vendetti
3021	M	train-other-500	leetcr
3025	F	train-clean-360	MichelleHarris
3032	M	train-clean-360	Utek
3033	F	train-other-500	valli
3045	M	train-other-500	Cameron Conaway
3046	F	train-clean-360	Stephanie Land
3053	F	train-other-500	Tracy Yonemoto
3054	M	train-other-500	GerryR
3060	M	train-other-500	Didier
3063	M	train-other-500	markman
3070	M	train-clean-360	Mike Schwabe
3072	M	train-clean-360	Chris Amos
3079	F	train-other-500	nivedita
3080	F	test-other	breathe
3081	F	dev-clean	Renata
3082	M	train-clean-360	Logan McCamon
3083	F	train-clean-360	Emily Jarmard
3088	M	train-other-500	Sean O'Hara
3090	F	train-other-500	kelcymx
3092	F	train-clean-360	Maggie Russell
3094	F	train-clean-360	moe
3097	M	train-other-500	nitram
3098	M	train-other-500	woggy298
3100	M	train-other-500	David Higham
3105	M	train-clean-360	gfairch511
3109	M	train-other-500	Diogenes Dog
3112	F	train-clean-100	Jessica Louise
3114	M	train-clean-360	Geoffrey Edwards
3118	M	train-clean-360	George Yeager
3119	F	train-clean-360	Sharon Riskedahl
3125	F	train-other-500	Fran
3132	M	train-other-500	Andy Yu
3135	M	train-other-500	Steve Foreman
3137	M	train-other-500	Parrot
3138	F	train-other-500	Labyrinth Composer
3142	M	train-other-500	RogerA
3143	F	train-other-500	suzanne
3144	M	train-other-500	jfmarchini
3148	M	train-other-500	artos
3157	F	train-clean-360	TriciaG
3168	M	train-clean-100	David Anton
3170	M	dev-clean	VOICEGUY
3171	M	train-clean-360	JoeD
3172	F	train-other-500	Beatrice
3179	F	train-other-500	Robin
3180	M	train-clean-360	Mike Conrad
3185	M	train-clean-360	JohnNewman
3187	M	train-clean-360	Wasichu
3192	M	train-other-500	Arfuhrm
3196	F	train-other-500	Elizabeth Harker
3214	M	train-clean-100	fourteatoo
3215	F	train-clean-360	Shirley Ellen
3221	M	train-clean-360	David Schoepf
3224	F	train-clean-360	Acacia Wood
3227	F	train-other-500	Betina
3228	F	train-clean-360	Benuathanasia
3230	M	train-clean-360	rasputin
3235	F	train-clean-100	Karen Commins
3238	M	train-other-500	nihilist00
3240	M	train-clean-100	flakker
3242	M	train-clean-100	peac
3244	F	train-other-500	wilwarin
3245	F	train-other-500	wendy
3257	M	train-other-500	Jay Vance
3258	F	train-clean-360	mwalimu
3259	F	train-clean-100	Kate West
3261	M	train-other-500	fourgrays
3268	M	train-other-500	Patrick McHaffie
3271	M	train-other-500	Ancient mariner
3272	M	train-other-500	Matthew_J_Almeida
3274	M	train-clean-360	Morgan Saletta
3285	M	train-other-500	David Collins
3288	M	train-other-500	Euan Bayliss
3289	M	train-clean-360	lukeprog
3290	F	train-other-500	Marian Martin
3294	F	train-clean-360	Marcy Fraser
3307	M	train-clean-360	Doug Allison
3314	F	train-other-500	Carol Stripling
3318	F	train-other-500	Magdalena
3319	F	train-other-500	mjbrichant
3328	M	train-clean-360	Al Dano
3330	F	train-clean-360	B. G. Oxford
3331	F	test-other	Peggy
3334	F	train-other-500	joi
3340	M	train-clean-360	Preston McConkie
3346	F	train-other-500	Hannah Dowell
3347	F	train-clean-360	tornadogrrrl
3356	F	train-other-500	Diana Solomon
3357	F	train-clean-360	swade
3361	F	train-clean-360	Linda Lee Paquet
3368	M	train-clean-360	Jim Allman
3370	M	train-clean-360	Glenn Simonsen
3373	M	train-other-500	cvd
3374	M	train-clean-100	Craig Campbell
3379	F	train-clean-360	Kele
3380	F	train-clean-360	DrBeccaAnne
3381	M	train-other-500	Cagliostro
3389	M	train-clean-360	von
3394	F	train-other-500	Jackie Provau
3400	F	train-other-500	Laura Davis
3409	F	train-other-500	Philippa Brodie
3411	F	train-other-500	SuD
3417	M	train-other-500	Albatross
3433	M	train-other-500	Bob Sherman
3436	M	train-clean-100	Anders Lankford
3440	F	train-clean-100	Heidi Will
3446	F	train-clean-360	kayo
3448	M	train-clean-360	Todd Lennon
3465	F	train-other-500	ravenotation
3467	F	train-other-500	js392
3470	M	train-other-500	Jason Mills
3479	F	train-other-500	Karan Yamada
3482	F	train-clean-360	Hayden
3483	M	train-clean-360	Alan Winterrowd
3486	M	train-clean-100	Robin Balmer
3488	M	train-other-500	Tom Weiss
3490	M	train-clean-360	Gregg Margarite (1957-2012)
3493	F	train-clean-360	Gail Mattern
3500	F	train-other-500	B. Treadgold
3503	M	train-other-500	Christian Al-Kadi
3513	F	train-clean-360	Symmie
3521	M	train-clean-360	NickNumber
3526	F	train-clean-100	Bereni
3528	F	test-other	minimoose83
3536	F	dev-clean	Arielle Lipshaw
3537	F	train-clean-360	Tracy Datlen
3538	F	test-other	Wyndelyn
3540	M	train-clean-360	Bill Ruhsam
3541	M	train-other-500	Termin Dyan
3546	F	train-clean-360	Jeannie
3547	M	train-other-500	BenW
3549	F	train-clean-360	Katie Riley
3551	F	train-clean-360	Annie Kirkpatrick
3553	M	train-other-500	Luc Kordas
3554	F	train-other-500	LaraC, Louisville, KY
3557	F	train-other-500	Rachel Triska
3559	F	train-other-500	Kerry Hiles
3564	F	train-other-500	Vanessa
3567	M	train-other-500	David Lazarus
3570	F	test-clean	sarac
3571	M	train-other-500	HarryInk
3575	F	test-clean	supergirl
3576	F	dev-clean	JudyGibson
3584	F	train-clean-360	Bridget Gaige
3587	M	train-other-500	John Nixon
3588	F	train-other-500	Neeru Iyer
3592	M	train-other-500	Paul McCartan
3595	M	train-other-500	Martin Geeson
3598	F	train-other-500	Dawn
3606	M	train-other-500	Ashwath Ganesan
3607	M	train-clean-100	Richard Wallis
3615	F	train-clean-360	Lucy Perry
3618	M	train-other-500	Timothy Ferguson
3630	F	train-clean-360	Rachel Gatwood
3638	F	train-clean-360	AmyG
3641	F	train-other-500	Joelle Peebles
3645	F	train-clean-360	MaryAnn
3647	F	train-other-500	Channe
3650	M	train-other-500	Jonathan Ross
3654	M	train-clean-360	Mark Wilson
3656	M	train-other-500	Kai Lu
3657	M	train-other-500	Bellona Times
3660	M	dev-other	Russ Clough
3663	F	dev-other	ppezz
3664	M	train-clean-100	Barry Eads
3665	M	train-other-500	C.J. Casey
3675	F	train-other-500	Linda Ferguson
3679	F	train-other-500	veronasser
3681	F	train-other-500	Ann Boulais
3686	M	train-clean-360	Doug Delisle
3691	M	train-other-500	Hollis Hanover
3698	F	train-other-500	Nadine Eckert-Boulet
3699	M	train-clean-100	Bruce Pirie
3703	F	train-clean-360	Linda Andrus
3717	M	train-clean-360	Elliott Miller
3723	M	train-clean-100	Kevin Lavin
3728	F	train-clean-360	amycs
3729	F	test-clean	Heather Hogan
3733	F	train-clean-360	Melanie Schleeter McCalmont
3738	F	train-clean-360	Collee McKinnon
3744	M	train-other-500	Jonathan Burchard
3747	M	train-other-500	Keith Henige
3752	M	dev-clean	Mark Welch
3757	F	train-other-500	EmAllise
3764	F	test-other	Gabrielle Lambrick
3779	F	train-other-500	Rachel Steely
3780	M	train-other-500	Pete
3781	F	train-clean-360	Celena Arter
3783	M	train-other-500	TexasSteve
3790	F	train-clean-360	hpark
3792	M	train-clean-360	Brian Keith Barnes
3793	M	train-other-500	Nathan
3796	M	train-other-500	Mario Pineda
3798	F	train-other-500	Bianca Kramer
3807	M	train-clean-100	Jesse Noar
3816	F	train-clean-360	Bev J Stevens
3819	M	train-other-500	StarrDog
3825	M	train-clean-360	Matt Wills
3830	M	train-clean-100	rymd80
3835	M	train-clean-360	M.White
3843	F	train-other-500	storm
3845	M	train-other-500	Ray Smith
3848	F	train-other-500	skoval
3851	F	train-clean-360	mbousquet
3852	F	train-clean-360	selniff
3853	F	dev-clean	M. Bertke
3857	M	train-clean-100	Epistomolus
3864	M	train-clean-360	Tom Watts
3866	M	train-clean-360	SilverG
3867	F	train-other-500	Roberta Carlisle
3869	M	train-clean-360	Timothy Pinkham
3871	M	train-other-500	Figura
3876	F	train-clean-360	Frances Marcinkiewicz
3879	F	train-clean-100	Keneva
3885	F	train-other-500	Elli
3889	F	train-clean-360	Alina
3894	M	train-other-500	Indy Gosal
3895	M	train-other-500	porlob
3896	M	train-other-500	Will Zufall
3905	F	train-clean-360	J. Rebecca Franklin
3906	F	train-other-500	tabithat
3909	F	train-other-500	Evelyn Clarke
3911	F	train-other-500	Joseph Couves
3912	M	train-other-500	Bob Neufeld
3914	M	train-clean-360	Rob James
3915	F	dev-other	JenniferW
3922	F	train-clean-360	Ashley Candland
3923	M	train-clean-360	Sean Michael Hogan
3925	F	train-other-500	Viglione
3926	F	train-other-500	Denise Lacey
3927	M	train-clean-360	Bob Stretch
3928	F	train-other-500	Marianne Coleman-Hipkins
3934	F	train-other-500	Lynne Carroll
3945	M	train-clean-360	Floyd Wilde
3947	F	train-clean-100	johnell
3955	M	train-other-500	Fredrik Karlsson
3959	M	train-other-500	rjhargrav
3962	M	train-other-500	writerboyontour
3967	F	train-clean-360	Christine Dufour
3969	F	train-other-500	CM Slosson
3972	F	train-clean-360	Joy Easton
3977	M	train-clean-360	LivelyHive
3979	F	train-clean-360	Dale A. Bade
3982	F	train-clean-100	Kate Adams
3983	F	train-clean-100	lavocedorata
3989	M	train-clean-360	Rayne
3990	F	train-other-500	Jessi
3992	F	train-other-500	perpetualdreamworld
3994	F	train-clean-360	Miriam Esther Goldman
3997	F	test-other	Sophia Choi
4005	F	train-other-500	Jhiu
4009	F	train-other-500	Diana Majlinger
4010	M	train-clean-360	David Baldwin
4013	M	train-clean-360	Kevin Maxson
4014	M	train-clean-100	Tom Clifton
4015	M	train-other-500	JimOCR
4017	M	train-other-500	gsolgaard
4018	M	train-clean-100	Nicholas Clifford
4019	M	train-other-500	brrrrrr6
4020	M	train-other-500	Linda
4021	F	train-other-500	Linda Woods
4034	F	train-other-500	Sienna
4039	M	train-clean-360	Shawn Craig Smith
4042	M	train-other-500	Ryan DeRamos
4044	F	train-clean-360	serenitylee
4051	F	train-clean-100	Liz Devens
4054	M	train-clean-360	Ryan Gubele
4057	F	train-clean-360	RoseA
4059	M	train-other-500	Troy Bond
4063	F	train-other-500	Abigail Bartels
4064	F	train-clean-360	Margaret Espaillat
4071	F	train-clean-360	Nichelle von Lauder
4077	M	test-clean	Nathan Markham
4078	M	train-other-500	Richard Kilmer
4085	M	train-other-500	Paul P Miller
4088	F	train-clean-100	Blazin48
4090	F	train-other-500	madmouth
4098	F	train-clean-360	Rachell Lovett
4104	F	train-other-500	Linda Dodge
4108	M	train-clean-360	garymacf
4110	M	train-clean-360	Richard Ellwood
4111	F	train-clean-360	Rachel P.
4116	F	train-clean-360	Amy Benton
4122	M	train-other-500	Wendel Topper
4133	M	train-clean-360	BigStory
4137	F	train-clean-100	Sarah LuAnn
4138	F	train-clean-360	daltongirl
4145	F	train-clean-360	Patti Cunningham
4148	M	train-clean-360	David A. Moore.
4152	M	train-clean-360	Ata Khudayberdiev
4153	F	dev-other	Hilara
4156	F	train-other-500	Caroline Shapiro
4160	F	train-clean-100	Rosie
4161	M	train-other-500	Daniel Paashaus
4172	M	train-other-500	Graeme Dunlop
4174	F	train-other-500	Availle
4179	M	train-other-500	Robert Keiper
4189	F	train-other-500	Megan Argo
4191	M	train-other-500	Grant Hurlock
4192	F	train-other-500	MaryModern
4193	M	train-other-500	Ethan Rampton
4195	F	train-clean-100	bj
4196	M	train-other-500	Jim Clevenger
4198	M	test-other	Examinfo
4205	M	train-other-500	psi_mon
4211	F	train-other-500	A. Knight
4214	F	train-clean-100	A. Janelle Risa
4216	F	train-other-500	Hannah Skoonberg
4217	M	train-other-500	Brendan Tannam
4218	M	train-other-500	David Cole
4222	F	train-clean-360	msjodi777
4225	F	train-other-500	gmiteva
4226	M	train-clean-360	Jud Niven
4234	F	train-other-500	laineyben
4235	F	train-other-500	Haylayer Flaga
4236	M	train-clean-360	Nicholas Feulner
4238	F	train-clean-360	Chela
4243	M	train-clean-360	Ian Grae
4246	M	train-clean-360	JLaddJr
4257	M	train-clean-360	garbageman99
4260	F	train-clean-360	Clacas
4262	F	train-other-500	LoraBeth Davis
4263	F	train-other-500	Chelsea Baker
4267	M	train-clean-100	Ric F
4273	F	train-other-500	as101
4277	M	train-other-500	JohanG
4278	M	train-clean-360	smhamon
4280	F	train-other-500	BB
4289	F	train-clean-360	Veronica Jenkins
4290	M	train-clean-360	Joshua Paul Johnson
4294	F	test-other	Jessamy Gloor
4295	M	train-other-500	Slawek
4297	F	train-clean-100	Tina Horning
4305	F	train-other-500	Aspergine
4310	F	train-other-500	grace4him
4313	F	train-other-500	May Low
4321	F	train-other-500	Xenutia
4323	F	dev-other	BookAngel7
4327	F	train-other-500	brokenaltar
4331	F	train-clean-360	Barbara Clements
4335	M	train-clean-360	davidb
4340	F	train-clean-100	kiwafruit
4344	M	train-other-500	Tadhg
4345	M	train-other-500	Richard Schipper
4350	M	test-other	willem
4352	F	train-other-500	Martina Hutchins
4356	F	train-clean-360	Patricia Rutledge
4358	M	train-clean-360	Kim Stich
4362	F	train-clean-100	Michelle Montano
4363	F	train-clean-360	Emily Livingston
4379	M	train-other-500	Scott Dahlem
4381	F	train-clean-360	Denise Resnik
4396	F	train-other-500	Michael Wolf
4397	M	train-clean-100	John Dennison
4402	M	train-other-500	Christopher Sanner
4406	M	train-clean-100	Matthew Scott Surprenant
4407	M	train-other-500	Ted Drury
4411	F	train-other-500	Zarnaz
4415	F	train-other-500	Anita Fleming
4420	M	train-other-500	Steve Lomas
4422	F	train-other-500	Kamna
4423	M	train-other-500	David Dwight
4425	M	train-clean-360	Gary Coy
4427	F	train-clean-360	Lynne Handler
4428	M	train-other-500	Blueoyster101
4433	M	train-clean-360	Ken Sterry
4434	F	train-clean-360	Sarah Nuxoll
4438	M	train-clean-360	Greg W.
4441	M	train-clean-100	William Peck
4442	M	train-other-500	Pep
4443	F	train-other-500	THOVO
4446	F	test-clean	Jen Maxwell
4447	M	train-other-500	Cascades
4455	F	train-other-500	Patrick Wells
4463	F	train-other-500	Cate Mackenzie
4474	M	train-other-500	John L. Clark
4480	M	train-other-500	Iskander Shafikov
4481	F	train-clean-100	margo zinberg
4484	M	train-other-500	Phil Griffiths
4487	F	train-other-500	Nienke
4490	F	train-clean-360	Rachel Weaver
4492	F	train-other-500	P.Hynes
4495	M	train-clean-360	Dillon Stiles
4507	F	test-clean	Rachel Nelson-Smith
4511	F	train-other-500	Jeanie
4513	F	train-other-500	Gabi
4515	M	dev-other	Doug
4519	F	train-clean-360	Mimi Wang
4520	F	train-other-500	Dorlene Kaplan
4535	M	train-clean-360	Brett W. Downey
4545	M	train-other-500	SunshinePaul
4546	F	train-other-500	Estelle Jobson
4549	F	train-other-500	Kristen Zaza
4563	F	train-other-500	Wiebke
4570	M	dev-other	Bill Mosley
4572	M	dev-other	om123
4576	F	train-other-500	Snaefaxi
4583	M	train-other-500	Jersey City Frankie
4586	M	train-clean-360	Chris Caron
4590	M	train-clean-360	Diapadion
4591	M	train-other-500	Robert White
4592	F	train-clean-360	WestWestest
4594	M	train-other-500	mailman61953
4595	M	train-clean-360	Eric Leach
4598	F	train-clean-360	cher0520
4599	M	train-other-500	xibu
4629	M	train-clean-360	Edward W. LaBonte
4640	F	train-clean-100	Karen Mason
4652	F	train-other-500	Savanna Herrold
4659	M	train-other-500	Stephen Marsh
4660	F	train-other-500	SusieSA
4667	F	train-other-500	Maria Therese
4680	F	train-clean-100	pachayes
4681	M	train-clean-360	Frank Adams
4687	M	train-other-500	mevans
4693	M	train-other-500	Robert Parker
4697	F	train-other-500	Jannie Meisberger
4699	M	train-other-500	Jason Justice
4701	M	train-other-500	CC
4703	F	train-other-500	HurstPP
4705	M	train-other-500	Algy Pug
4706	F	train-other-500	SallyMc
4710	M	train-other-500	David Huston
4712	F	train-other-500	Alisson Veldhuis
4719	M	train-clean-360	M. Craun
4731	F	train-clean-360	Becky Cook
4733	M	train-clean-360	dwegowy
4734	M	train-clean-360	Adib Masumian
4738	M	train-other-500	Leonard Wilson
4741	M	train-other-500	Nullifidian
4742	F	train-other-500	Little Tee
4744	F	train-clean-360	Amy Gramour
4748	M	train-other-500	Dirk Eichhorn
4750	M	train-other-500	Paul Huckerby
4757	F	train-other-500	Grace Dobson
4766	F	train-other-500	Melanie
4767	M	train-other-500	Delysid
4770	F	train-clean-360	Jeanne Luft
4771	M	train-other-500	scrawl
4773	F	train-other-500	Kathryn Lois
4779	F	train-other-500	Angel5
4788	M	train-clean-100	Bill Boerst
4791	F	train-other-500	MelanieMae
4799	M	train-other-500	Matt Judd
4800	F	train-clean-360	Mary Herndon Bell
4806	M	train-clean-360	Jason Ingolfsland
4807	F	train-clean-360	Fuzz
4813	M	train-clean-100	Steve Mattern
4821	M	train-other-500	Zachary Johnson
4824	F	train-other-500	meyerli
4830	M	train-clean-100	George Aalto
4831	F	dev-other	Lisa Meyers
4836	M	train-other-500	Preston Scrape
4837	F	train-clean-360	Sharon Kilmer
4839	F	train-clean-360	Julie K. Rose
4841	F	train-other-500	Haley Pereira
4846	F	train-clean-360	Kathrin Salazar
4848	M	train-clean-360	Dee Wykoff
4852	M	test-other	Arthur Piantadosi
4853	F	train-clean-100	Barbara Derksen
4854	M	train-clean-360	Doctor_wu
4856	M	train-clean-360	Steven Seitel
4859	M	train-clean-100	nathank
4860	M	train-clean-360	Jonah Cummings
4863	M	train-other-500	I M CLIFFORD
4872	M	train-other-500	R E Faust
4894	M	train-other-500	Gary Dzierlenga
4898	M	train-clean-100	greatbasinrain
4899	F	train-clean-360	Theresa L. Downey
4910	F	train-other-500	Amanda Martin Sandino
4915	M	train-other-500	Andrew Bowles
4926	F	train-clean-360	browneyedgirl32382
4930	M	train-other-500	Adrian Levitsky
4931	M	train-other-500	KevS
4936	F	train-other-500	jedopi
4945	M	train-clean-360	Charles RUHE
4948	M	train-other-500	Tom Barron
4955	M	train-other-500	Elwood Mott
4957	F	train-clean-360	P Moscato
4958	M	train-other-500	David P. Sroka
4959	F	train-other-500	Piper Hayes
4964	F	train-other-500	rashada
4965	F	train-other-500	Rachel Craig
4967	F	train-clean-360	Karen
4969	M	train-other-500	Garth Burton
4970	F	test-clean	airandwaters
4973	M	train-clean-360	Michael Lipschultz
4979	M	train-other-500	Eric
4991	F	train-other-500	Jacqueline (Jacqui) Grady
4992	F	test-clean	Joyce Martin
4993	M	train-other-500	BillMac
5000	F	train-other-500	Anna-Lisa Ott
5002	M	train-clean-360	Brendan Stallard
5005	F	train-other-500	pinhsien
5007	F	train-clean-360	Kathleen Nelson
5009	M	train-other-500	Michael Reuss
5012	F	train-clean-360	Morgan Schlicker
5013	M	train-other-500	Joseph Dsouza
5019	F	train-other-500	Sandra Estenson
5022	F	train-clean-100	Kathleen Costa
5023	F	train-other-500	Elizabeth Zaranka
5029	F	train-clean-360	Courtney Sandhu
5036	F	train-other-500	NicolaRuth
5038	M	train-other-500	John Kooz
5039	F	train-clean-360	Inga Parsons
5043	M	train-other-500	edbucks
5044	F	train-other-500	Andrea Keene
5045	F	train-other-500	Mounica
5049	M	train-clean-100	Bradley Smith
5054	F	train-clean-360	Denice Stradling
5060	F	train-other-500	Linda Moreau
5062	F	train-clean-360	E Ogston
5063	F	train-clean-360	susanfrom
5076	M	train-other-500	Jules Hawryluk
5077	F	train-other-500	Sandra G
5082	F	train-other-500	SummerWind
5092	M	train-clean-360	Josh Smith
5093	F	train-clean-360	Nicole Kay
5101	F	train-other-500	E.Lee
5104	M	train-clean-100	Chuck Burke
5105	M	test-clean	elongman
5115	F	train-clean-360	Terry Goodyer
5118	M	train-other-500	klbonds
5123	M	train-clean-360	wvthcomp
5126	M	train-clean-360	Tom Lennon
5132	M	train-other-500	David Stryker
5133	F	train-clean-360	Jo Karabasz
5136	F	train-other-500	Felicity C
5139	F	train-clean-360	Katine
5141	M	train-other-500	David Goldfarb
5142	F	test-clean	Mary Ballard-Johansson
5147	M	train-clean-360	Cody2
5152	M	train-other-500	Liam Neely
5154	F	train-clean-360	Danarra
5157	M	train-clean-360	drewmac
5163	F	train-clean-100	LilyAnne
5164	F	train-other-500	Vsilverlining
5172	M	train-other-500	Equilibrium33
5181	M	train-other-500	Joel Nisbet
5183	M	train-other-500	Kenneth Sergeant Gaghan
5185	M	train-other-500	okei
5186	M	train-clean-360	Brendan Brown
5189	M	train-clean-360	Samanem
5190	M	train-clean-360	Rom Maczka
5192	M	train-clean-100	Jason Esteves
5198	M	train-other-500	Brian
5199	F	train-other-500	Diana Fast
5206	M	train-clean-360	Simon Dexter
5217	F	train-other-500	Anqi Wang
5220	F	train-other-500	Mary Schneider
5224	M	train-other-500	Matt Soar
5230	F	train-other-500	Aubrey Anne
5233	F	train-other-500	summerdaze
5239	M	train-clean-360	compozr
5242	M	train-clean-360	Michael Monhollon
5244	F	train-other-500	Carolin Ksr
5245	M	train-other-500	Dymmesdale
5246	M	train-clean-360	Mike Bloomfield
5248	M	train-other-500	Don Stirno
5252	M	train-other-500	Michael Deng
5261	M	train-clean-360	Ali Kazerani
5266	F	train-clean-360	Jill
5269	F	train-other-500	Elizabeth Barr
5271	F	train-other-500	Amanda
5278	M	train-other-500	Mike Harris
5280	M	train-other-500	penboy7000
5285	F	train-other-500	Sweetlilbirdy
5287	F	train-other-500	adsum iam
5290	F	train-clean-360	Natalie
5293	M	train-clean-360	Ned Troxel
5296	F	train-other-500	Joselyn Hasty
5299	F	train-other-500	Becky Doughty
5304	M	train-clean-360	Don W. Jenkins
5319	M	train-clean-360	Guero
5321	M	train-other-500	Adam Whybray
5322	M	train-clean-100	Jay Bidal
5325	M	train-other-500	Rory Lawton
5328	M	train-other-500	Nathan Jordan
5333	M	train-clean-360	Robert Fletcher
5337	F	train-clean-360	Danielle
5338	F	dev-clean	S R Colon
5339	F	train-clean-100	Lauren McCullough
5340	F	train-other-500	Mary-Beth Blackburn
5350	F	train-other-500	Cath Garde
5355	F	train-other-500	Carrie Heyes
5361	F	train-other-500	scarlettraces
5375	F	train-other-500	BumbleVee
5379	M	train-other-500	lennich
5386	M	train-clean-360	Tim Ferreira
5389	M	train-clean-360	Joseph Lawler
5390	M	train-clean-100	Charles Bice
5393	F	train-clean-100	Amy Hengst
5400	F	train-clean-360	Natalie Sullivan
5401	M	train-clean-360	Andrew Nelson
5405	F	train-other-500	Anka
5412	F	train-other-500	tommybascue
5424	F	train-other-500	Julia Niedermaier
5429	M	train-other-500	Dennis Lane Pretoria
5439	F	train-other-500	Laine S.
5442	F	test-other	oneiros81
5445	F	train-other-500	Liz DeLassus
5448	M	train-clean-360	Bryan Reid
5456	M	train-clean-100	e_scarab
5459	M	train-other-500	bryan.peterson
5460	M	train-other-500	Max Lindberg
5463	M	train-clean-100	GLM
5468	F	train-other-500	ashleighjane
5471	F	train-other-500	ElleyKat
5480	F	train-other-500	ESFJ Girl
5484	F	test-other	Nastassia
5487	F	train-other-500	Michaela O'Connor
5489	F	train-clean-360	LizMourant
5506	M	train-other-500	Frank Booker
5513	M	train-clean-360	David Callahan
5514	F	train-clean-100	Ella Jane Quentin
5519	M	train-clean-360	scoutman77
5536	M	dev-clean	David Mix
5538	F	train-clean-360	Linda Velwest
5543	F	dev-other	Anya
5545	M	train-other-500	Gary Olman
5561	F	train-clean-100	Ellen Jones
5565	M	train-other-500	Ken Padgitt
5567	M	train-other-500	BStapley
5569	F	train-other-500	Beth Hitesman
5570	F	train-clean-360	Corinna Schultz
5583	F	train-clean-360	Claudia Wilson
5588	F	train-clean-360	Gail Timmerman Vaughan
5604	F	train-clean-360	kittyandcheese
5606	F	train-clean-360	PrincessG
5618	F	train-clean-360	Shirleyroses
5620	M	train-other-500	jerryB
5622	F	train-clean-360	Roseanne Schmidt
5628	M	train-other-500	Adrian Wheal
5635	M	train-clean-360	Matthew Reece
5636	F	train-other-500	Joyce Couch
5637	M	train-clean-360	Anthony
5639	M	test-clean	Ulf Bjorklund
5641	M	train-other-500	Gerald Peter Morgan
5649	F	train-other-500	hazelra
5652	F	train-clean-100	amicrazy2u
5653	F	train-other-500	Kimberly Anderson
5655	F	train-clean-360	Christine Rodriguez
5656	M	train-clean-360	Joe Mabry
5660	F	train-clean-360	hollz
5661	F	train-other-500	Dianne Lanning
5665	F	train-other-500	Lynda Sizemore
5671	F	train-other-500	Trihypoo
5672	M	train-clean-360	Jacob Paul Starr
5678	M	train-clean-100	jgoffena
5682	F	train-other-500	Lmwong
5683	F	test-clean	Rachael Lapidis
5684	F	train-clean-360	Elsa Youngsteadt
5688	F	train-clean-100	Jennifer Dionne
5694	M	dev-clean	Winston Tharp
5700	M	train-other-500	Paul Adams
5703	M	train-clean-100	Garth Comira
5712	F	train-clean-360	Alexandra Huckabay
5717	M	train-clean-360	Phil Chenevert
5719	M	train-other-500	John Fricker
5720	F	train-other-500	Thelma Meyer
5723	F	train-clean-360	Linda Hogan
5724	F	train-clean-360	paintgirl
5725	F	train-other-500	doublemirrors
5727	M	train-clean-360	JDavidMoore
5731	F	train-clean-360	Andrea Boltz
5733	F	train-other-500	Spinhop
5735	F	train-other-500	Filipa
5740	F	train-clean-360	Alisa
5746	M	train-clean-360	DL Pead
5750	M	train-clean-100	laurencetrask
5756	F	train-other-500	Mich_elle
5764	M	test-other	Herman Roskams
5765	M	train-other-500	A. J. Carroll
5767	M	train-clean-360	taijohn
5772	M	train-other-500	jessecoy
5776	M	train-clean-360	Chris Pauley
5778	F	train-clean-100	Laura Victoria
5781	M	train-other-500	Parrot17
5784	M	train-other-500	Chris Donnelly
5789	F	train-clean-100	Kirsten Wever
5791	M	train-other-500	croudy
5796	F	train-other-500	Linette Geisel
5802	M	train-clean-360	Christopher Maust
5808	M	train-clean-100	jeandelfrio
5809	F	train-clean-360	kattekliek
5810	M	train-clean-360	Patrick Reinhart
5825	F	train-other-500	Vira Denton
5826	M	train-other-500	Phineas Redux
5831	F	train-other-500	Kirsty Leishman
5837	F	train-other-500	Debbie Pieterse
5840	M	train-other-500	Dick Summerfield
5849	F	dev-other	ashleyspence
5854	M	train-other-500	Gabriel Glenn
5860	F	train-other-500	J L Raimundo
5867	F	train-clean-100	Sharon Omi
5868	M	train-clean-360	alwpoe
5874	M	train-other-500	Paul Andrews
5876	F	train-clean-360	kelleywyskiel
5883	M	train-clean-360	Jerry Romero
5886	M	train-other-500	Simon Brown
5890	F	train-other-500	GabrielleC
5893	F	train-other-500	Elizabeth Fiedler
5894	M	train-other-500	Paul Stephens
5895	F	dev-clean	iamartin
5906	F	train-other-500	Lily-LLM
5909	M	train-clean-360	Mark Mickelson
5910	M	train-other-500	Anthony Lee
5911	M	train-other-500	Paul C. Newman
5913	M	train-other-500	dmbrought
5914	M	train-clean-360	bobbybrill
5918	M	train-clean-360	Mike Wajda
5929	F	train-other-500	Gryphon Perkins
5933	M	train-other-500	Barry O'Neill
5935	M	train-clean-360	Mike Okonek
5940	M	train-clean-360	Gargoyle
5949	F	train-other-500	debolee
5951	M	train-other-500	Stevan Simmons
5952	F	train-other-500	sherlock85
5968	F	train-clean-360	Cate Barratt
5970	M	train-other-500	Larry Degala
5975	M	train-clean-360	Tony Maxey
5977	M	train-other-500	Ken Felt
5979	M	train-other-500	Pentti Hirvonen
5980	F	train-other-500	Nichole Thompson
5983	F	train-other-500	Katew
5984	F	train-clean-360	sbburke
5985	M	train-clean-360	James K. White
5993	M	train-other-500	garyday
6000	F	train-clean-100	MissRose
6003	M	train-other-500	sparks0314
6006	F	train-clean-360	Stephanie Lee
6009	M	train-other-500	AVG
6010	M	train-other-500	Ralph Kerwin
6014	F	train-clean-360	Tina Nuzzi
6019	M	train-clean-100	DerekP
6025	F	train-other-500	Lonelle Yoder
6030	F	train-other-500	Shiromi
6032	F	train-clean-360	Beverly Scott
6035	M	train-other-500	Marty Kris
6037	M	train-clean-360	bish
6038	F	train-clean-360	Sirmelja
6051	M	train-other-500	Ric Cornwall
6054	F	train-clean-360	Leslie Stevens Suhy
6060	M	train-clean-360	Jonathan Lange
6064	F	train-clean-100	Deborah Knight
6065	M	train-other-500	David Olson
6070	F	test-other	Saab
6072	F	train-other-500	CrowGirl
6075	M	train-clean-360	Rob Smith
6076	M	train-other-500	Saethram
6077	M	train-other-500	Steve Belleguelle
6078	F	train-clean-100	dobsonfly
6080	M	train-clean-360	progressingamerica
6081	M	train-clean-100	Lazuli
6082	F	train-clean-360	EyeBones
6084	M	train-other-500	Amallen
6087	F	train-other-500	Caroline Driggs
6088	F	train-other-500	burk
6097	M	train-other-500	Phil Benson
6098	M	train-clean-360	Kancamagus
6099	F	train-clean-360	Cheri Gardner
6102	F	train-other-500	Rachel Bossier
6104	F	train-clean-360	Juliana M.
6106	F	train-other-500	Ruth Kidson
6111	F	train-other-500	Jill Preston
6115	M	train-clean-360	MitchHerd
6119	M	train-clean-360	Vinnie Tesla
6120	F	train-clean-360	Terra Mendoza
6121	F	train-other-500	Imagine
6123	F	dev-other	chocmuse
6126	M	train-other-500	David Abbott
6127	F	train-other-500	Andee
6128	F	test-other	Isabelle Brasme
6131	F	train-other-500	Malane
6135	F	train-other-500	Spike Holcomb
6138	F	train-other-500	Deborah Brabyn
6139	F	train-clean-360	Lois C. Johnson
6145	F	train-other-500	Madeleine Brook
6147	F	train-clean-100	Liberty Stump
6153	F	train-other-500	anjieliu
6157	M	train-clean-360	HotConflict
6159	M	train-other-500	Ted Garvin
6160	F	train-clean-360	FaithR
6167	F	train-clean-360	Janet
6173	F	train-other-500	Carol Box
6177	M	train-other-500	wminbru
6178	F	train-other-500	alegriavida
6181	M	train-clean-100	Mike
6184	M	train-other-500	Adam Tomkins
6188	F	train-clean-360	Roxanna Nazari
6189	F	train-clean-360	Shana Cohen
6196	M	train-other-500	Martin Gradwell
6199	M	train-other-500	bobolink
6206	F	train-clean-360	Yvonne Smith
6209	M	train-clean-100	deckerteach
6211	F	train-other-500	Caeliveres
6215	F	train-clean-360	Janet248
6221	M	train-other-500	pwu909
6224	M	train-other-500	dave k
6227	F	train-other-500	EliMarieHK
6232	M	train-other-500	Paul Denton
6233	F	train-clean-360	Gen Jones
6235	F	train-clean-360	ReadWriteLib
6236	M	train-other-500	jcwyatt
6241	M	dev-clean	badey
6242	F	train-other-500	Lucinda Gainey
6248	M	train-other-500	Kevin Green
6249	M	train-other-500	Thomas A. Copeland
6251	F	train-other-500	Theresa Sheridan
6254	F	train-other-500	Chelsea S.
6258	M	train-clean-360	haggisreflux
6267	M	dev-other	Cata
6269	M	train-clean-360	Don Halpert
6272	F	train-clean-100	jlenardon
6276	M	train-other-500	dan_h
6281	F	train-other-500	Beth Thomas
6284	F	train-other-500	cklee
6286	F	train-clean-360	Wendy Almeida
6288	F	train-clean-360	Sunni West
6294	M	train-clean-360	humanode
6295	M	dev-clean	Michael Packard
6300	F	train-clean-360	Sarah Crampton
6308	F	train-clean-360	Easton
6311	M	train-other-500	TRUEBRIT
6313	F	dev-clean	Jennifer Wiginton
6317	F	train-clean-360	Sarah K
6319	F	dev-clean	thestorygirl
6323	M	train-other-500	Caluminium
6324	F	train-other-500	Barbara E. McCarthy
6330	M	train-clean-360	David Cummings
6332	F	train-other-500	Kelli England
6333	M	train-other-500	Max Korlinge
6339	F	train-clean-360	Michelle Remington
6341	F	train-clean-360	Tiffany J. Kim
6345	F	dev-clean	Jean Bascom
6346	M	train-other-500	Matthew Pagan
6351	F	train-other-500	C. L. W. Rollins
6352	F	train-clean-360	stmacduff
6353	F	train-other-500	Jennifer Randall
6356	M	train-other-500	John O
6358	F	train-other-500	selway
6359	F	train-clean-360	Susan Hanfield
6364	M	train-other-500	Todd Ulbrich
6367	M	train-clean-100	Vince Dee
6368	M	train-other-500	Marc Pizzuti
6370	M	train-other-500	Dan Craig
6371	F	train-clean-360	Rebecca King
6373	F	train-clean-360	Sandie Guenther
6377	M	train-other-500	Maxim Babich
6378	F	train-clean-360	Michelle Day
6385	F	train-clean-100	Novella Serena
6388	F	train-clean-360	Leda
6391	F	train-other-500	polkadotish
6395	M	train-clean-360	Richard Carpenter
6399	M	train-other-500	Edmund Bloxam
6402	M	train-other-500	Chiquito Crasto
6406	F	train-clean-360	Abigail Rasmussen
6407	M	train-other-500	AdamH
6411	F	train-other-500	Feyaza
6415	F	train-clean-100	Daryl Wor
6418	M	train-other-500	Iolo Jones
6426	F	train-clean-360	Pat Redstone
6432	M	test-other	Ditchdog
6436	M	train-other-500	Steve Mattingly
6437	M	train-clean-100	John Hoerr
6446	M	train-clean-360	Bob Gonzalez
6454	M	train-clean-100	David Wales
6455	F	dev-other	Betty Chen
6458	M	train-clean-360	Dennis Blake
6459	M	train-other-500	Nigel Boydell
6467	M	dev-other	sid
6476	F	train-clean-100	Viridian
6482	M	train-other-500	Delmar H Dolbier
6484	F	train-other-500	ilianthe
6488	F	train-other-500	Kendall Ashyby
6492	M	train-clean-360	Hugh Gillis
6494	M	train-clean-360	Morey Kunin
6497	M	train-clean-360	James E. Carson
6499	M	train-clean-360	dave7
6505	F	train-clean-360	Elena
6506	M	train-other-500	Tim Quinn
6509	F	train-clean-360	Marianna Foos
6510	M	train-clean-360	JimD
6512	M	train-other-500	mcgovern1934
6513	F	train-other-500	Susan de Raadt
6518	F	train-clean-360	Wayfarer
6519	F	train-clean-360	Monica Knuppe
6529	M	train-clean-100	Fred DeBerardinis
6531	F	train-clean-100	janesandberg
6533	M	train-other-500	drewmore
6534	F	train-other-500	Helen Falconer
6535	M	train-other-500	Ron Altman
6538	M	train-clean-360	Juan Federico
6539	M	train-other-500	David W. Wolfe
6540	M	train-other-500	Craig Gulliver
6544	F	train-clean-360	Amanda Friday
6548	F	train-other-500	Kristin Gjerlw
6549	F	train-other-500	Sandra Luna
6550	M	train-clean-360	elfpen
6553	M	train-clean-360	DublinGothic
6555	M	train-clean-360	Alexandre Laplante
6557	F	train-other-500	Tika Sabu
6563	M	train-clean-100	William Tomcho
6567	F	train-clean-360	vikvenom
6568	F	train-other-500	Heather Hamtil
6574	M	train-clean-360	Caden Vaughn Clegg
6575	M	train-clean-360	Patrick Painter
6583	F	train-other-500	NastassiaS
6590	F	train-other-500	Marea Brook
6594	F	train-other-500	Amelia Chantarotwong
6599	M	dev-other	rohde
6609	M	train-other-500	Patrick Wallace
6610	F	train-other-500	sylly
6614	F	train-other-500	Veronica Schlette
6620	F	train-clean-360	Amy Koenig
6625	M	train-other-500	hearmeout7
6627	F	train-other-500	Amber Hamilton
6636	M	train-other-500	Philip Martin
6637	F	train-clean-360	Christine Nendza
6641	F	train-other-500	Julienne
6643	F	train-clean-360	cbooren
6652	M	train-other-500	Brendon Wright
6660	F	train-other-500	Nicole Lee
6668	M	train-other-500	Ecological Humanist
6670	M	train-other-500	Mike Pelton
6673	F	train-clean-360	Jenna Lanman
6674	M	train-other-500	jimmylee
6676	F	train-other-500	Chill28
6683	F	train-clean-360	Julia Kelley
6685	M	train-other-500	Jonathan Drury
6686	M	train-clean-360	Elin
6687	M	train-other-500	KirksVoice
6689	F	train-other-500	Tiffany Halla Colonna
6690	M	train-clean-360	T Michael Burke
6694	M	train-clean-360	Ross Williamson
6695	F	train-other-500	Linda Fredericks
6696	F	train-clean-360	Katryn Wiese
6701	M	train-clean-360	Dayle
6705	F	train-other-500	D. A. Frank
6707	M	train-other-500	Lewis
6709	M	train-other-500	vinphizz
6713	M	train-other-500	stephenreader
6724	F	train-other-500	Kristin Young
6726	F	train-other-500	metgmz
6727	M	train-clean-360	Tony Russell
6733	F	train-other-500	Snapdragon
6735	F	train-other-500	fshort
6741	F	train-other-500	Sharon C.
6743	M	train-other-500	Rick Rodney
6746	M	train-other-500	Robin Skelcey
6747	M	train-other-500	Ryan Lothian
6749	F	train-other-500	MaryA
6752	M	train-other-500	maxvon_d
6753	M	train-other-500	T.E. McHenry
6754	M	train-other-500	ToddHW
6758	F	train-other-500	The Gypsy
6763	F	train-clean-360	Manjit Bains
6773	M	train-other-500	MostafaRazavi
6777	M	train-other-500	Rick Saffery
6782	F	train-clean-360	zcameo
6784	M	train-other-500	SteveBuys
6788	F	train-clean-360	Pamela Krantz
6792	M	train-other-500	montmorency
6794	F	train-other-500	Rachel Moyar
6798	M	train-other-500	Aesthete's Readings
6804	M	train-other-500	Nick Duncan
6807	F	train-other-500	Lisa Caputo
6818	F	train-clean-100	beckyboyd
6821	F	train-other-500	Rholdah
6828	F	train-clean-360	Lori Fuller Chugiak, AK
6829	F	test-clean	LadyBug
6836	M	train-clean-100	John
6841	M	dev-other	A. E. Maroney
6846	M	train-other-500	John Leonard
6848	M	train-clean-100	KarlHenning
6849	M	train-other-500	Dan Raynham
6853	F	train-other-500	J. McKnight
6865	F	train-clean-360	Jing Li
6875	M	train-other-500	Bill Miller
6877	M	train-clean-360	Bear Schacht
6880	M	train-clean-100	Capybara
6882	M	train-other-500	David Isenhower
6883	M	train-other-500	Adam Doughty
6892	M	train-other-500	Piotr Nater
6895	F	train-clean-360	Reeses118
6902	F	train-other-500	Barbara Edelman
6904	F	train-clean-360	Kirsten Nelson
6906	F	train-other-500	Joanna1
6912	M	train-other-500	Richard Beck
6913	F	train-other-500	daisyb
6914	F	train-other-500	Katalina Watt
6918	F	train-clean-360	Marilyn Mack
6923	M	train-other-500	Szindbad
6924	F	train-clean-360	Rapunzelina
6925	M	train-clean-100	Thomas Meaney
6927	F	train-clean-360	Sarika Pawar
6930	M	test-clean	Nolan Fout
6937	F	train-clean-360	DVoice
6938	F	test-other	Simmy
6943	F	train-other-500	Chieko Steely
6945	M	train-other-500	Daniel George
6947	F	train-other-500	Grace
6950	F	train-other-500	elmay
6951	F	train-other-500	redhed3095
6954	M	train-other-500	Paul Richards
6956	M	train-clean-360	DannyHauger
6962	M	train-other-500	mattoscarlomas
6963	M	train-other-500	Kasper
6965	M	train-clean-360	NoelBadrian
6967	F	train-other-500	sganatra81
6974	M	train-other-500	Michael Armenta
6978	F	train-other-500	Debra
6981	M	train-clean-360	nlonghu
6993	M	train-clean-360	Seyed
7000	M	train-clean-360	Kevin Alix
7001	F	train-other-500	Arienne
7008	M	train-other-500	John Trevithick
7009	M	train-other-500	roeg11
7011	M	train-clean-360	Icprice
7012	F	train-other-500	Erin McKelle
7018	M	test-other	FSharp
7021	M	test-clean	Nodo420
7026	F	train-other-500	Michele Eaton
7030	M	train-clean-360	Conrad T
7046	M	train-other-500	Pascal Ramseier
7051	M	train-clean-360	Andrew White
7055	M	train-other-500	gemtwist
7059	F	train-clean-100	Joannemmp
7061	M	train-clean-360	AllenJohns
7062	F	train-other-500	Rebecca Thomas
7065	M	train-other-500	smitaj
7067	M	train-clean-100	Matthew Wall
7069	M	train-clean-360	John Schuurman
7073	F	train-other-500	Jill Janovetz
7078	F	train-clean-100	Mary in Arkansas
7079	F	train-other-500	Chuck Williamson
7085	M	train-clean-360	voicebynatalie
7090	M	train-clean-360	Jon Sindell
7092	F	train-other-500	Lorraine B
7095	M	train-clean-360	Wesseling
7096	M	train-other-500	Gary Iredale
7097	F	train-other-500	novelreader
7105	M	test-other	jennycbnyn
7107	M	train-other-500	titankin77
7113	F	train-clean-100	Sukaina Jaffer
7117	F	train-clean-360	Art Leung
7120	F	train-clean-360	L D Hamilton
7121	M	train-other-500	384403
7125	F	train-other-500	Peggy
7126	M	train-clean-360	pekein
7127	M	test-clean	Bill Kneeland
7128	M	train-clean-360	morganreads
7131	F	train-other-500	Eden Rea-Hedrick
7134	M	train-clean-360	Steve Jackson
7135	F	train-other-500	Maggie Smallwood
7138	F	train-other-500	CaprishaPage
7139	M	train-clean-360	gabrielv
7140	F	train-clean-360	Deanna Bovee
7143	F	train-other-500	Minni Ang
7145	F	train-clean-360	Lita Ledesma
7147	M	train-other-500	S.Nevets
7148	F	train-clean-100	Vickie Ranz
7150	M	train-other-500	asterix
7155	M	train-other-500	pklipp
7169	M	train-clean-360	Ryan Ransom
7170	M	train-other-500	alanmapstone
7176	M	test-clean	KalenXI
7177	F	train-other-500	shana
7178	F	train-clean-100	J.K. Neely
7188	M	train-clean-360	Marty
7189	M	train-other-500	doonaboon
7190	M	train-clean-100	Tony Posante
7197	F	train-other-500	Christine Richardson
7198	F	train-other-500	Daniela Austin
7199	F	train-other-500	T.K. Kirven
7205	F	train-other-500	genierose
7208	M	train-other-500	KK
7215	M	train-other-500	BensonBrunswin
7218	F	train-other-500	MJ Franck
7220	F	train-other-500	LynnAlison
7223	F	train-other-500	eye hear voices
7226	M	train-clean-100	Jonathan Moore
7228	M	train-other-500	Peter John Keeble
7229	F	train-clean-360	Linda Ciano
7238	M	train-other-500	Uday Sagar
7239	M	train-other-500	manofwealth
7240	F	train-clean-360	Lucretia B.
7241	M	train-clean-360	AdrianBisson
7242	F	train-other-500	Renate
7245	F	train-clean-360	Laura Atkinson
7246	F	train-other-500	Lyn Silva
7247	M	train-clean-360	Robert Hoffman
7250	F	train-other-500	A. J. Elliot
7255	F	train-other-500	Jendia
7258	M	train-clean-360	acloward
7263	F	train-other-500	rachaelg
7264	M	train-clean-100	Sean McClain
7265	F	train-other-500	Annie
7276	F	train-clean-360	ASPotter
7277	F	train-other-500	Jenny Bradshaw
7278	M	train-clean-100	Jon Smith
7285	F	train-clean-360	Christina M. Glavas
7286	F	train-clean-360	kindfish
7294	F	train-clean-360	Muriel
7297	F	train-clean-360	Mudlark
7299	F	train-other-500	Barbara Miller
7301	M	train-other-500	jonseverity
7302	F	train-clean-100	Asta1234
7307	M	train-other-500	Anthony Ogus
7312	M	train-clean-100	nkneer
7313	M	train-clean-360	Mark DeVol
7314	M	train-clean-360	Rick Cahill
7315	F	train-other-500	Charlotte Duckett
7316	F	train-clean-360	Joy S Grape
7318	F	train-clean-360	Anise
7320	F	train-other-500	Monika Rolley
7326	M	train-other-500	Adam
7327	M	train-other-500	Tommy Howell
7331	F	train-other-500	AnabelleC
7333	F	train-other-500	Lydia Paterson
7335	F	train-clean-360	Kathryn Louise
7337	F	train-other-500	Adina Owen
7338	M	train-other-500	Eberle Thomas
7339	M	train-clean-360	wildalaska
7342	F	train-clean-360	Carol
7346	M	train-other-500	James Bendall
7348	F	train-other-500	acousticwave
7354	M	train-other-500	TrevorD777
7357	M	train-other-500	rebcult
7360	F	train-other-500	Caroline Hemmerly Kunkle
7367	M	train-clean-100	NIneFive83
7376	F	train-other-500	Nyssa E. Schmidt
7383	F	train-clean-360	Meg Cowan
7384	F	train-clean-360	Diana Dolan
7387	F	train-other-500	Tara Dow
7389	M	train-other-500	Steve C
7391	M	train-other-500	Cary Simz
7392	F	train-other-500	MicheleW
7395	F	train-clean-360	Katherine
7398	F	train-clean-360	Marie Daum
7402	M	train-clean-100	Canby Ibarra
7408	M	train-other-500	David Clarke
7416	F	train-clean-360	Jeanni Hall
7423	M	train-other-500	Gilles G. Le Blanc
7424	M	train-other-500	Christopher Smith
7433	F	train-other-500	Gabriela Cowan
7434	F	train-clean-360	Emily Feuka
7436	M	train-other-500	Gregory Eccles
7437	M	train-clean-360	Graham McMillan
7445	F	train-clean-360	Emily Anderson
7447	M	train-clean-100	dasbury
7448	M	train-other-500	Kevin Johnson
7460	M	train-clean-360	Larry Beasley
7463	M	train-other-500	Pete Milan
7467	F	train-other-500	freshface
7475	M	train-clean-360	Jared Hess
7478	M	train-clean-360	Dan Froese
7480	F	train-other-500	Tricia F.
7481	F	train-clean-360	Karen Howard
7484	M	train-clean-360	Tyran Rexx
7491	F	train-other-500	Lilaread
7492	F	train-other-500	Scheherazade
7495	F	train-clean-360	Arlene Joyce
7498	F	train-clean-360	MarianneVictoria
7502	M	train-other-500	mikefernlea
7505	M	train-clean-100	Ron Lockhart
7507	F	train-other-500	UnaVersal
7510	F	train-other-500	Kathrine Engan
7511	F	train-clean-100	Sherri Vance
7512	M	train-other-500	dudeman
7514	F	train-other-500	Barbara Baker
7515	F	train-clean-360	Cynthia Moyer
7517	F	train-clean-100	Raz Mason
7518	M	train-clean-360	TJDasch
7520	M	train-clean-360	Richard Jackson
7522	F	train-other-500	Kelsey P
7525	F	train-clean-360	Jeannie Tirado
7538	M	train-clean-360	Logan West
7540	M	train-clean-360	Christopher Webber
7552	F	train-other-500	KateC
7553	M	train-clean-360	BDSEmpire
7555	F	train-clean-360	Suebee
7556	M	train-other-500	Alex Lau
7558	M	train-clean-360	J. A. Cook
7559	M	train-other-500	gassumpcao
7561	M	train-other-500	Shawn Bayern
7565	M	train-other-500	Derek
7569	M	train-clean-360	Stephen L. Moss
7584	F	train-other-500	kandice stehlik
7585	M	train-other-500	MaxSitting
7594	F	train-clean-360	Kristel Tretter
7597	F	train-other-500	Inah Derby
7601	M	dev-other	Malone
7603	M	train-other-500	Wupperhippo
7607	F	train-other-500	C F de Rosset
7608	M	train-other-500	rookieblue
7609	F	train-other-500	detroitreads
7618	M	train-other-500	Stipsky
7635	F	train-clean-100	Judy Guinan
7640	M	train-other-500	Dan Darbandi
7641	M	dev-other	Moromis
7644	F	train-other-500	Raphael Platt
7647	M	train-clean-360	Daniel T. Miller
7649	F	train-other-500	Lanerd
7654	M	train-other-500	Word And Mouth
7657	F	train-clean-360	shalclark
7665	M	train-clean-360	Christian Mitchell
7672	M	train-other-500	Cooper Leith
7679	F	train-other-500	Libby Gohn
7683	F	train-other-500	Carolyne
7687	F	train-other-500	Demosthenes
7688	M	train-clean-360	Leslie Walden
7691	M	train-other-500	engineerdst
7697	M	dev-other	JustinJYN
7699	F	train-other-500	DylanTG
7700	M	train-other-500	Dave Wills
7702	F	train-other-500	Linda Jenner
7704	M	train-clean-360	Robert Harder
7705	M	train-clean-360	Timothy Luke
7708	F	train-other-500	Savannah
7713	M	train-other-500	Sacha Chander
7717	F	train-clean-360	Astrid Fingerhut
7720	M	train-clean-360	jeffwiltzius
7729	M	test-clean	Tim Bower
7730	F	train-clean-360	Fiddlesticks
7732	M	train-clean-360	Daniel Vimont
7733	F	train-clean-360	Jewel Raquel
7737	F	train-other-500	Elisabeth Sollog
7739	F	train-clean-360	Melissa Burns-Price
7746	M	train-other-500	Tom Causby
7749	M	train-other-500	Sammy Bean
7752	F	train-clean-360	Samantha Miles
7754	F	train-clean-360	Iridescat
7756	F	train-other-500	Lynne Thompson
7762	F	train-other-500	Fannie
7764	M	train-other-500	Mike Nelson
7766	F	train-clean-360	Maryanka
7769	M	train-other-500	David Biro
7777	M	train-clean-360	Jacob Paine
7780	F	train-clean-100	tazzle
7783	F	train-clean-360	Rebecca Owens
7786	M	train-other-500	Kevin W. Davidson
7789	F	train-clean-360	Lauren Jane
7794	F	train-clean-100	mlcui
7795	M	train-other-500	Cubrick
7796	M	train-other-500	Raybrite
7800	F	train-clean-100	Arie
7802	F	train-clean-360	Samantha J Gubitz
7809	M	train-clean-360	D. T. McGregor
7816	F	train-clean-360	Stefanie Heinrichs
7823	M	train-other-500	Bart in 't Veld
7825	M	train-clean-360	PDyer
7826	M	train-other-500	Dave Shaw
7828	M	train-clean-360	Dan Mason
7832	M	train-clean-360	DJRickyV
7833	M	train-clean-360	Jesse Crisp-Sears
7835	M	train-other-500	kageokami
7837	M	train-clean-360	Alfian
7839	F	train-other-500	Loveday
7843	F	train-other-500	Annette McGuinness
7848	M	train-other-500	bala
7850	F	dev-clean	Jill Engle
7859	F	train-clean-100	xinamarieuhl
7867	M	train-clean-360	nomorejeffs
7868	F	train-clean-360	Chessie Joy
7871	M	train-other-500	Rocit
7874	M	train-clean-360	dgulino
7879	F	train-other-500	deongines
7881	M	train-clean-360	Sam Naishtat
7883	F	train-other-500	Annapurna
7886	F	train-other-500	Mariah Lyons
7892	F	train-other-500	Alexis Castro
7898	F	train-other-500	Coreena
7902	M	test-other	Kyle Van DeGlast
7909	M	train-clean-360	MGreenberg
7910	F	train-clean-360	southernemma
7912	M	train-other-500	Nathan Dickey
7923	M	train-other-500	amaskill
7925	F	train-other-500	Etel Buss
7926	M	train-clean-360	Steven Reynolds
7932	F	train-clean-360	Tammy Stalcup
7933	F	train-clean-360	Highlandoaks
7938	M	train-clean-360	Goss45
7939	M	train-clean-360	DPranitis
7942	M	train-other-500	Luke Sartor
7945	F	train-clean-360	Lois Browne
7946	F	train-other-500	Flash
7949	M	train-clean-360	Jon Miller
7956	M	train-clean-360	Devon Purtz
7957	M	train-clean-360	Wiley Combs
7959	F	train-clean-360	Lily Took
7962	F	train-clean-360	Jolie O'Dell
7967	F	train-clean-360	Lois Hill
7975	M	test-other	William A Crenshaw
7976	M	dev-clean	JenniferRutters
7981	M	train-clean-360	timothyFR
7982	F	train-clean-360	Lori Arsenault
7988	M	train-other-500	JaySands
7991	M	train-clean-360	Aaron Weber
7994	F	train-clean-360	Marian Cervassi
7995	F	train-clean-360	Marie Hoffman
7997	M	train-other-500	Tom Merritt
8005	F	train-other-500	Julia Wells
8006	M	train-clean-360	TyroneS
8008	M	train-clean-360	Paul Adamson
8009	F	train-other-500	Frances Brown
8011	M	train-clean-360	Greg Giordano
8012	F	train-other-500	WoollyBee
8014	F	train-clean-100	constatine
8015	F	train-other-500	Underhill
8023	M	train-other-500	JamesMcAndrew
8028	M	train-clean-360	Tom Geller
8033	M	train-other-500	geoffbl
8040	F	train-other-500	NatalieOram
8042	M	train-other-500	Jack Watson Warr
8044	F	train-other-500	Sarah Hannah
8050	M	train-clean-360	Jake Woldstad
8051	F	train-clean-100	Maria Kasper
8057	F	train-clean-360	Linda Dougherty
8058	M	train-other-500	RLC
8063	M	train-clean-100	Robert Snoza
8066	M	train-clean-360	Tim Cote
8071	F	train-other-500	Vanessa Garcia
8072	F	train-other-500	Kimberly Krause
8075	F	train-clean-360	Melora
8080	F	train-clean-360	e.a.zokaites
8087	M	train-other-500	Arnie Horton
8088	M	train-clean-100	Jason Bolestridge
8095	M	train-clean-100	Theodulf
8097	F	train-clean-360	lewildesen
8098	M	train-clean-100	Arnold
8108	M	train-clean-100	drakaunus
8112	F	train-other-500	Christine Lamberton
8113	F	train-clean-360	PennyAnn
8118	F	train-clean-360	Katie McClain
8119	M	train-clean-360	Malcolm Cameron
8123	F	train-clean-100	Sheila Wood
8131	M	test-other	Christian Alexander
8138	M	train-clean-360	Lee Smalley
8142	M	train-clean-360	Timothy Lucas
8143	M	train-other-500	Nick Whitley
8148	F	train-other-500	Xiph
8152	M	train-clean-360	Bigcowfeet
8156	F	train-other-500	Brooke Cunningham
8163	F	train-clean-360	Greengecko
8164	M	train-other-500	Rob Board
8168	F	train-other-500	Kiera Davidson
8169	M	train-other-500	tovarisch
8172	M	train-other-500	Alan Weyman
8173	F	dev-other	emmablob
8176	M	train-clean-360	Jon Kerfoot
8180	F	train-other-500	Elanor Sakamoto
8183	F	train-clean-360	Cheri Jordan
8188	M	test-other	Matthew Calvin
8190	F	train-clean-360	Lisa Phelps Gonzalez
8193	F	train-clean-360	helengraves
8194	F	train-clean-360	MsMO
8195	M	train-clean-360	Mr Krause
8197	F	train-other-500	Victoria P
8199	F	train-other-500	maryagneskatherine
8200	M	train-other-500	Dan S
8208	M	train-other-500	zaanta
8215	M	train-other-500	readread
8222	M	train-clean-360	Greg Golding
8224	M	test-clean	Leanne Kinkopf
8225	M	train-clean-360	Matt Lusher
8226	M	train-clean-100	Adam Picot
8228	F	train-clean-360	hgal2010
8230	M	test-clean	David Jenkins
8238	F	train-clean-100	Madam Fickle
8240	F	train-other-500	Gertrude Durette
8242	F	train-other-500	Anita Slusser
8245	M	train-other-500	gscheids
8246	M	train-other-500	beeveeo
8250	M	train-other-500	Stephen Gibbons
8254	F	dev-other	Jeana Wei
8259	F	train-other-500	Lawrence
8262	M	train-other-500	Jack Powell
8266	M	train-clean-360	Jeff K.
8272	F	train-other-500	Haili
8273	M	train-other-500	Lucas Boulding
8280	F	test-other	AlaynaMay
8288	M	dev-other	Wayne Donovan
8291	M	train-other-500	Elliot Gage
8295	F	train-other-500	Susan Morin
8296	F	train-other-500	Bria Snow
8297	M	dev-clean	David Mecionis
8300	F	train-clean-360	Judith Parker
8302	F	train-other-500	Charlotte Day
8307	M	train-other-500	Nick Bulka
8312	F	train-clean-100	Jaimie Noy
8316	M	train-other-500	Rocket Rodger
8321	F	train-other-500	SamR
8322	M	train-other-500	yeknod
8324	F	train-clean-100	Kathy Wright
8328	M	train-other-500	William Gavula
8329	F	train-clean-360	Betty Perry
8334	M	train-other-500	Doug Reed
8337	F	train-other-500	Claudia Salto
8346	M	train-other-500	Al Rocca
8347	M	train-clean-360	Terry Torres
8356	M	train-other-500	Paul Mazumdar
8367	M	train-other-500	ophiuroidea
8382	F	train-other-500	Claire Schreuder
8388	F	train-clean-360	Jacki Horn
8389	M	train-other-500	Steven Bateman
8392	F	train-other-500	Katharina Huang
8394	M	train-other-500	Matthew Walker
8396	M	train-clean-360	gloriousjob
8401	M	train-clean-360	Alexander Hatton
8404	F	train-clean-360	Lynne Ray
8410	F	train-clean-360	Shauna Kennett
8413	M	train-other-500	PaulMichael1084
8414	F	train-other-500	jtueller
8415	F	train-other-500	Rusty Dancer
8419	M	train-clean-100	Jon Kissack
8421	F	train-clean-360	Jackie Drown
8422	M	train-other-500	pjhoury
8424	F	train-other-500	Schums
8425	M	train-clean-100	Larry Wilson
8430	F	train-other-500	shihping
8432	F	train-other-500	Emma Joyce
8441	F	train-other-500	ryoko
8443	F	train-other-500	Marsha Payne
8444	M	train-other-500	Anthony Webster
8445	M	train-other-500	Brett G. Hirsch
8447	F	train-other-500	Anastasiia Solokha
8455	M	test-clean	thecheops
8459	M	train-clean-360	sdaeley17
8461	F	test-other	Allie Cingi
8463	F	test-clean	Michele Fry
8464	M	train-clean-360	HappyMiamiDad
8465	F	train-clean-100	TinaNygard2
8466	M	train-other-500	Chris Cartwright
8468	F	train-clean-100	Jennifer Dorr
8470	F	train-other-500	Rebecca Braunert-Plunkett
8474	M	train-clean-360	Scott Snowman
8476	F	train-other-500	Julie Mansius
8479	M	train-clean-360	R.W. Rushing
8490	M	train-clean-360	Matt Parker
8494	M	train-clean-360	Bill Yallalee
8498	M	train-clean-360	Ian Quinlan
8499	M	train-other-500	ReadAllDay
8500	M	train-other-500	Ravi Shankar
8506	F	train-clean-360	Denise Nordell
8527	M	train-clean-360	Gary Bohannon
8531	M	train-other-500	imenadel
8534	M	train-clean-360	Chris Clark
8536	M	train-other-500	Jonathan Brubaker
8543	F	train-other-500	luckyemma
8544	F	train-other-500	Pooja DSr
8545	F	train-clean-360	Joanne Rochon
8555	F	test-clean	Michelle Goode
8565	M	train-other-500	Patrick Eaton
8573	F	train-clean-360	Paige G
8575	M	train-clean-360	Jeremy Robertson
8576	M	train-other-500	Phil Schempf
8580	M	train-clean-100	Gary Dana
8587	M	train-other-500	Drew Johnson
8590	M	train-other-500	bobrose
8591	F	train-clean-360	Jude Somers
8592	M	train-clean-360	Dylan Posa
8605	F	train-clean-360	Kate Sterner
8609	M	train-clean-100	noblesavage
8619	M	train-clean-360	Tad E.
8625	F	train-other-500	Ellen Preckel
8629	M	train-clean-100	Shivansh Dhar
8630	M	train-clean-100	Eduardo
8631	M	train-other-500	Edward Kirkby
8632	M	train-other-500	Geremia
8635	M	train-clean-360	ACBowgus
8643	M	train-clean-360	jabc1950
8644	F	train-other-500	Eenae
8664	F	train-other-500	Pam Castille
8666	M	train-other-500	josembi
8671	M	train-other-500	Simon Smoke
8675	M	train-other-500	Larry Greene
8677	F	train-clean-360	KHand
8678	F	train-other-500	Amy
8684	F	train-clean-360	Alison Stewart
8687	M	train-clean-360	EccentricOwl
8699	F	train-clean-360	Jessica Atha
8705	M	train-clean-360	dsilber01
8710	M	train-other-500	Ralph Crown
8713	M	train-clean-360	Expatriate
8718	F	train-clean-360	Deena Rhoads
8722	F	train-clean-360	Emily Maynard
8725	M	train-clean-360	Gary Ericson
8742	M	train-clean-360	Adam Taylor
8747	M	train-clean-100	DeanOBuchanan
8753	M	train-other-500	Walt Allan
8758	M	train-clean-360	Krzysztof Rowinski
8765	M	train-other-500	jciesielski
8770	M	train-clean-100	Paul Simonin
8771	F	train-clean-360	Anna Millard
8772	M	train-clean-360	Martin Reyto
8776	F	train-clean-360	Taliesin
8778	F	train-other-500	Francoise
8786	M	train-clean-360	Bruce Kachuk
8791	M	train-clean-360	ScottReyonoldsVoice
8797	M	train-clean-100	Sean Grabosky
8799	M	train-other-500	Peter Tucker
8803	M	train-other-500	Ben Lindsey-Clark
8808	M	train-other-500	davidpr
8820	M	train-clean-360	Ignare
8824	M	train-clean-360	Mark Johnston
8825	F	train-clean-360	Erin Schellhase
8838	M	train-clean-100	Kevin Owens
8842	F	dev-clean	Mary J
8846	F	train-other-500	MariaS
8848	M	train-clean-360	Craig Kenneth Bryant
8855	M	train-clean-360	Eric Metzler
8867	F	train-other-500	sorbet87
8875	M	train-clean-360	David D'Huet
8879	M	train-clean-360	Son of the Exiles
8887	M	train-clean-360	Andrew Hernandez
8897	F	train-other-500	beyondutopia
8975	F	train-clean-100	Daisy Flaim
9000	M	train-other-500	Ramon Escamilla
9022	F	train-clean-360	Claire M
9023	F	train-clean-360	P. J. Morgan
9026	F	train-clean-360	Tammy Porter
